-- MariaDB dump 10.17  Distrib 10.4.11-MariaDB, for Linux (x86_64)
--
-- Host: localhost    Database: beta
-- ------------------------------------------------------
-- Server version	10.4.11-MariaDB

/*!40101 SET @OLD_CHARACTER_SET_CLIENT=@@CHARACTER_SET_CLIENT */;
/*!40101 SET @OLD_CHARACTER_SET_RESULTS=@@CHARACTER_SET_RESULTS */;
/*!40101 SET @OLD_COLLATION_CONNECTION=@@COLLATION_CONNECTION */;
/*!40101 SET NAMES utf8mb4 */;
/*!40103 SET @OLD_TIME_ZONE=@@TIME_ZONE */;
/*!40103 SET TIME_ZONE='+00:00' */;
/*!40014 SET @OLD_UNIQUE_CHECKS=@@UNIQUE_CHECKS, UNIQUE_CHECKS=0 */;
/*!40014 SET @OLD_FOREIGN_KEY_CHECKS=@@FOREIGN_KEY_CHECKS, FOREIGN_KEY_CHECKS=0 */;
/*!40101 SET @OLD_SQL_MODE=@@SQL_MODE, SQL_MODE='NO_AUTO_VALUE_ON_ZERO' */;
/*!40111 SET @OLD_SQL_NOTES=@@SQL_NOTES, SQL_NOTES=0 */;

--
-- Table structure for table `asistencias`
--

DROP TABLE IF EXISTS `asistencias`;
/*!40101 SET @saved_cs_client     = @@character_set_client */;
/*!40101 SET character_set_client = utf8 */;
CREATE TABLE `asistencias` (
  `id_asistencia` int(11) NOT NULL AUTO_INCREMENT,
  `id_datos` int(11) DEFAULT NULL,
  `fecha_entrada` date DEFAULT NULL,
  `hora_entrada` time DEFAULT NULL,
  `incidencia_entrada` text DEFAULT NULL,
  `fecha_salida` date DEFAULT NULL,
  `hora_salida` text DEFAULT NULL,
  `incidencia_salida` text DEFAULT NULL,
  PRIMARY KEY (`id_asistencia`)
) ENGINE=MyISAM AUTO_INCREMENT=4 DEFAULT CHARSET=utf8;
/*!40101 SET character_set_client = @saved_cs_client */;

--
-- Dumping data for table `asistencias`
--

LOCK TABLES `asistencias` WRITE;
/*!40000 ALTER TABLE `asistencias` DISABLE KEYS */;
/*!40000 ALTER TABLE `asistencias` ENABLE KEYS */;
UNLOCK TABLES;

--
-- Table structure for table `datos`
--

DROP TABLE IF EXISTS `datos`;
/*!40101 SET @saved_cs_client     = @@character_set_client */;
/*!40101 SET character_set_client = utf8 */;
CREATE TABLE `datos` (
  `id_datos` int(11) NOT NULL AUTO_INCREMENT,
  `clave` int(255) DEFAULT NULL,
  `nombre` text DEFAULT NULL,
  `ap_paterno` text DEFAULT NULL,
  `ap_materno` text DEFAULT NULL,
  `fecha_nac` date DEFAULT NULL,
  `correo` text DEFAULT NULL,
  `curp` text DEFAULT NULL,
  `domicilio` text DEFAULT NULL,
  `sexo` text DEFAULT NULL,
  `id_ecivil` tinytext DEFAULT NULL,
  `fecha_registro` date DEFAULT NULL,
  `hora_registro` time DEFAULT NULL,
  `activo` tinyint(1) DEFAULT NULL,
  PRIMARY KEY (`id_datos`)
) ENGINE=MyISAM AUTO_INCREMENT=50 DEFAULT CHARSET=utf8;
/*!40101 SET character_set_client = @saved_cs_client */;

--
-- Dumping data for table `datos`
--

LOCK TABLES `datos` WRITE;
/*!40000 ALTER TABLE `datos` DISABLE KEYS */;
INSERT INTO `datos` VALUES (1,1000,'John','Doe','Doe','1990-05-15','jdd1000@itlinares.edu.mx','RASE900515HNLMSD08','Manzano  # 511 Colonia Gloria Mendiola   - Linares , Nuevo León','M','2','2015-01-02','04:41:26',0),(2,854,'Hipolito','Cano','Ruiz','1963-08-13','hcr854@itlinares.edu.mx','CARH630813HVZNZP00','Pedro Noriega # 560 Colonia Centro  - Linares , Nuevo León','M','2','2014-10-06','05:07:54',1),(3,858,'Francisco','Díaz','Garza','1970-06-26','fdg858@itlinares.edu.mx','DIGF700626HNLZRR02','Francisco I. Madero # 960 Colonia Centro  - Linares , Nuevo León','M','3','2014-10-06','05:16:30',0),(4,899,'Rodrigo','Soto','Sánchez','1973-03-13','rss899@itlinares.edu.mx','SOSR730313HNLTND08','Alamo Y Sauce # 710 Colonia Provileon  - Linares , Nuevo León','M','1','2014-10-07','10:39:47',1),(5,916,'Marcos Uvaldo','Lopez','Rodriguez','1991-11-24','mlr916@itlinares.edu.mx','LORM911124HNLPDR02','De La Cima #119 #  Colonia Inf. El Cerrito  - Linares , Nuevo León','M','2','2020-03-23','21:21:58',1),(6,922,'Aldo Antonio','Tovar','Ramirez','1996-01-17','atr922@itlinares.edu.mx','TORA960117HNLVML05','Ej. La Escondida #  Colonia Ej. La Escondida  - Linares , Nuevo León','M','3','2014-10-28','12:17:13',1),(7,927,'Adan','Gonzalez','Vasquez','1996-08-21','agv927@itlinares.edu.mx','GOVA960821HNLNSD01','Geraneos #2115 #  Colonia Hda. Los Nogales  - Linares , Nuevo León','M','3','2014-10-28','12:21:52',1),(8,937,'Laura Gabriela','Ramirez','Escobedo','1994-03-15','lre937@itlinares.edu.mx','RAEL940315MNLMSR08','Juan Alvarez #2114 #  Colonia Hacienda San Gerardo  - Linares , Nuevo León','F','1','2014-10-28','12:32:35',1),(9,943,'Juan Carlos','Alvarado','Garcia','1993-06-28','jag943@itlinares.edu.mx','AAGJ930628HNLLRN07','Hidalgo 1040 Nte. #  Colonia Alvarado  - Linares , Nuevo León','M','2','2020-04-24','10:03:28',1),(10,997,'Flor Guadalupe','Ramirez','Zambrano','1996-02-15','frz997@itlinares.edu.mx','RAZF960215MNLMML00','Capitan Aguilar No.211 #  Colonia Benito Juarez  - Linares , Nuevo León','F','1','2020-04-23','15:37:27',1),(11,998,'Humberto De Jesus','Reyes','Cortez','1996-02-23','hrc998@itlinares.edu.mx','RECH960223HNLYRM02','Juan Alvarez # 110 #  Colonia Ignacio Zaragoza  - Linares , Nuevo León','M','4','2014-10-28','01:39:35',1),(12,1026,'Diana Abigail','Salazar ','Vargas','1997-09-08','dsv1026@itlinares.edu.mx','SAVD970908MNLLRN04','Guerrero Y Reforma # 4000 Colonia Santa Rosa  - Hualahuises , Nuevo León','F','2','2016-12-18','03:06:20',1),(13,1033,'Mahon','Garcia ','Torres','1991-05-01','mgt1033@itlinares.edu.mx','GATM910501HZSRRH04','Puerta De La Boca #  Colonia Puerta De La Boca  - Montemorelos , Nuevo León','M','3','2014-10-28','03:06:35',1),(14,1037,'Alvaro','Karr','De La Cruz ','1980-03-21','akd1037@itlinares.edu.mx','KXCA800321HNLRRL08','Lirio #138 # 138 Colonia Bugambilias  - Linares , Nuevo León','M','1','2015-01-09','10:16:01',1),(15,1038,'Jose David','Lopez','Martinez','1996-12-22','jlm1038@itlinares.edu.mx','LOMD961222HNLPRV03','Melchor Ocampo #695 Sur #  Colonia La Moderna  - Linares , Nuevo León','M','1','2014-10-28','03:09:38',1),(16,1039,'Orlando Javier','Luna','Torres','1996-12-21','olt1039@itlinares.edu.mx','LUTO961221000','Sin Calle #  Colonia Sin Colonia  - Linares , Nuevo León','M','3','2014-10-28','03:10:17',1),(17,1054,'Christian Eduardo','Contreras','Zamora','1995-10-25','ccz1054@itlinares.edu.mx','COZC951025HPLNMH07','Juan Escutia #112 #  Colonia Croc  - Hualahuises  , Nuevo León','M','2','2014-10-28','03:21:12',1),(18,1064,'Veronica Jazmin','Sepulveda','Pecina','1993-11-21','vsp1064@itlinares.edu.mx','SEPV931121MNLPCR02','Miguel Blanco 244 #  Colonia Inf. La Petaca  - Linares , Nuevo León','F','2','2020-04-24','10:03:43',1),(19,1070,'Karla Nohemi','Chavez','Hernandez','1994-04-05','kch1070@itlinares.edu.mx','CAHK940405MNLHRR01','Dr. Eduardo Aguirre # 201 #  Colonia Centro  - Hualahuises , Nuevo León','F','3','2014-10-28','04:54:10',1),(20,1072,'Xochitl Nallely','Martinez','Carranza','1995-12-04','xmc1072@itlinares.edu.mx','MACX951204MNLRRC00','Felix U. Gomez S/N #  Colonia Santa Rosa  - Hualahuises , Nuevo León','F','2','2014-10-28','04:54:58',1),(21,1108,'Paola Lizbeth','Aguirre','Rios','1998-10-22','par1108@itlinares.edu.mx','AURP981022MNLGSL03','Rio Ramos 1140 #  Colonia Inff. Rio Verde  - Linares , Nuevo León','F','1','2020-03-24','08:59:30',1),(22,1128,'Ana Maria Monserrath','Lopez','Pedraza','1998-08-11','alp1128@itlinares.edu.mx','LOPA980811MNLPDN00','Rio Camacho 1220 #  Colonia Inf Morones Prieto  - Linares , Nuevo León','F','2','2016-12-01','10:21:08',1),(23,1133,'Ary Siboney','Patiño','Martinez','1998-06-09','apm1133@itlinares.edu.mx','PAMA980609MNLTRR04','S/C S/N #  Colonia Porfirio Diaz  - Linares , Nuevo León','F','2','2016-12-01','10:23:13',1),(24,1145,'Abraham','Rodriguez ','Torres','1978-07-24','art1145@itlinares.edu.mx','ROTA780724HNLDRB03','Girasol 118 #  Colonia Las Bugambilias  - Linares , Nuevo León','M','1','2016-12-01','10:28:03',1),(25,1157,'Maria De Jesus','Gonzalez ','Gonzalez','1980-04-01','mgg1157@itlinares.edu.mx','GOGJ800401MNLNNS04','Sin Nombre # 1 Colonia Congregación Maguiras  - Hualahuises , Nuevo León','F','1','2016-12-01','10:52:52',1),(26,1172,'Roman','Aldape','Quezada','1998-06-05','raq1172@itlinares.edu.mx','AAQR980605HNLLM09','E. Zapata 902 Sur #  Colonia Fracc. El Roble  - Linares , Nuevo León','M','1','2016-12-01','10:59:58',1),(27,1175,'Karla Maria','Alvarez','Pesina','1998-05-17','kap1175@itlinares.edu.mx','AAPK980517MNLLSR08','C.Pascual Ortiz Rubio #132 # 1 Colonia Fraccionamiento Ignacio Zaragoza  - Linares , Nuevo León','F','2','2016-12-01','11:29:11',1),(28,1197,'David','Flores','Cardona','1998-06-19','dfc1197@itlinares.edu.mx','FOCD980619HNLLRV05','Ricardo Palmerin 463 #  Colonia San Antonio  - Linares , Nuevo León','M','2','2016-12-01','11:09:04',1),(29,1203,'David Alejandro','Garza','Garcia','1999-05-15','dgg1203@itlinares.edu.mx','GAGD990515HNLRRV07','2 De Abril Y Comonfort #  Colonia Los Alamos  - Allende , Nuevo León','M','4','2016-12-01','11:11:22',1),(30,1207,'Gustavo Alexis','Hernandez','Luna','1999-06-16','ghl1207@itlinares.edu.mx','HELG990616HNLRNS05','Dr. Jose Eleuterio Gonzalez #  Colonia Gildeleyva  - Montemorelos , Nuevo León','M','2','2016-12-01','11:15:08',1),(31,1219,'Juan Jose','Reyes','Pedraza','1998-08-21','jrp1219@itlinares.edu.mx','REPJ980821HNLYDN01','Rio Pilon   #1305 # 1 Colonia Inf.Ignacio Morones Prieto  - Linares , Nuevo León','M','3','2016-12-01','11:43:23',1),(32,1220,'Karla Abigail','Rodriguez','Lopez','2016-10-17','krl1220@itlinares.edu.mx','	ROLK991017MNLDPR01','Camino A Hualahuises #  Colonia Camachito  - Linares , Nuevo León','F','1','2016-12-01','11:22:58',1),(33,1224,'Luis Angel','Salazar ','Tamayo ','1999-01-27','lst1224@itlinares.edu.mx','SATL990127HNLLMS03','Plutarco Elias Calles  #  Colonia Centro De General Teran   - General Teran  , Nuevo León','M','1','2016-12-01','11:24:39',1),(34,1227,'Adolfo','Viera ','Melendez','1998-11-09','avm1227@itlinares.edu.mx','VIMA981109HNLRLD06','Palma #220 # 1 Colonia Provileón  - Linares , Nuevo León','M','4','2016-12-01','11:41:18',1),(35,1234,'Ivan Gabino','Bravo','Nacianceno','2016-01-06','ibn1234@itlinares.edu.mx','BANI990106HNLRCV09','406 Gral Eulalio Gutierres # 1 Colonia L A Esperanza  - Hualahuises , Nuevo León','M','2','2016-12-01','12:45:21',1),(36,1247,'Isaias Humberto','Ibarra','Amaro','1998-04-29','iia1247@itlinares.edu.mx','IAAI980429HNLBMS08','Rio Coatzacoalcos 301 # 1 Colonia Villaseca  - Linares , Nuevo León','M','2','2016-12-01','12:50:10',1),(37,1250,'Jose Antonio','Cortes ','Luna','1997-12-02','jcl1250@itlinares.edu.mx','CXLA971202HNLRNN07','De La Cañada #409 #  Colonia Infonavit El Cerrito  - Linares , Nuevo León','M','2','2016-12-01','12:25:16',1),(38,1257,'Damian','De Leon','Garcia','1998-05-12','ddg1257@itlinares.edu.mx','LEGD980512HNLNRM04','Miguel Aleman #  Colonia La Esperanza  - Hualahuises N.L. , Nuevo León','M','4','2016-12-01','12:28:08',1),(39,1258,'Jose Lizandro','Duran','Lopez','1998-01-06','jdl1258@itlinares.edu.mx','DULL980106HNLRPZ08','Luis Tijerina # 1 Colonia Ricardo Cantú La Petaca  - Linares , Nuevo León','M','1','2016-12-01','01:49:56',1),(40,1278,'Horacio Guadalupe','Hernandez','Chipuli','1997-12-12','hhc1278@itlinares.edu.mx','HECH971212HNLRHR05','Tulipan 121 # 121 Colonia Las Bugambilas  - Linares , Nuevo León','M','3','2016-12-01','01:52:55',1),(41,1289,'Brayan Alexis','Rodriguez','Barajas','1999-05-22','brb1289@itlinares.edu.mx','ROBB990522HNLDRR00','Av.Fidel Velazquez #1355 #  Colonia Mendiola  - Linares , Nuevo León','M','1','2020-03-24','07:22:45',1),(42,1340,'Judith Guadalupe','Zamarripa','Villanueva','2016-04-18','jzv1340@itlinares.edu.mx','ZAVJ980418MNLMLD03','Hidalgo 506 Oriente  #  Colonia Centro  - Hualahuises  , Nuevo León','F','3','2020-03-23','14:05:31',1),(43,1358,'Yulisa','Luna','Rodriguez','1997-12-18','ylr1358@itlinares.edu.mx','LURY971218MNLNDL06','Guadalupe Victoria 216 #  Colonia Fracc. Igncio Zaragoza  - Linares , Nuevo León','F','1','2020-03-23','14:07:04',1),(44,115,'Pablo Adrian','Pérez','Briseño','1984-05-03','paperez@itlinares.edu.mx','PEBP840305HNLRRB08','Calle ahuehuete #675 , Colonia Provileon','M','4','2020-03-23','20:28:18',1),(45,116,'Silvia Guadalupe','Muñiz','Tienda','1983-06-20','stienda@utl.edu.mx','MUTS830305HNLRRB08','Calle ahuehuete #675 , Colonia Provileon','F','4','2020-03-23','14:07:22',1),(46,117,'Víctor Hugo','Perez','Briseño','1986-04-18','victor@utl.edu.mx','PEBP840305HNLRRB08','Calle B juares colonia ca,ahcho','M','1','2020-03-23','22:05:32',1),(47,1569,'José Manuel','Rosales','Bravó','1988-03-03','jose@saludnl.gob.mx','PEBP840305HNLRRB08','Calle Juares # 589 Colonia Arboledas','M','4','2020-03-24','09:07:07',1),(48,1777,'Jose Luis','Olvera','Escalona','1997-10-10','jolveraescalona@gmail.com','OEEL971010HNLLSS03','Ebano y Mezquite','M','1','2020-04-02','00:47:57',1),(49,543,'Julian','Garza','Quintanilla','1996-05-07','efwf@gmail.com','OOELFKDSGUYSGFESIU','Ebano','M','3','2020-05-30','17:50:53',1);
/*!40000 ALTER TABLE `datos` ENABLE KEYS */;
UNLOCK TABLES;

--
-- Table structure for table `ecivil`
--

DROP TABLE IF EXISTS `ecivil`;
/*!40101 SET @saved_cs_client     = @@character_set_client */;
/*!40101 SET character_set_client = utf8 */;
CREATE TABLE `ecivil` (
  `id_ecivil` int(11) NOT NULL AUTO_INCREMENT,
  `descripcion` text DEFAULT NULL,
  `fecha_registro` date DEFAULT NULL,
  `hora_registro` time DEFAULT NULL,
  `activo` tinyint(4) DEFAULT NULL,
  PRIMARY KEY (`id_ecivil`)
) ENGINE=MyISAM AUTO_INCREMENT=19 DEFAULT CHARSET=utf8;
/*!40101 SET character_set_client = @saved_cs_client */;

--
-- Dumping data for table `ecivil`
--

LOCK TABLES `ecivil` WRITE;
/*!40000 ALTER TABLE `ecivil` DISABLE KEYS */;
INSERT INTO `ecivil` VALUES (1,'Solter@','2020-05-30','04:57:17',1),(2,'Comprometid@','2020-05-29','20:12:01',1),(3,'En Relación','2020-03-20','11:26:32',1),(4,'Casad@','2020-03-20','11:26:32',1),(5,'Unión libre','2020-03-20','11:26:32',1),(6,'Separad@','2020-03-20','11:26:32',1),(7,'Divorciad@','2020-03-20','11:26:32',1),(8,'Viud@','2020-05-30','05:04:50',1),(18,'Otros','2020-05-30','05:02:51',1);
/*!40000 ALTER TABLE `ecivil` ENABLE KEYS */;
UNLOCK TABLES;

--
-- Table structure for table `horarios`
--

DROP TABLE IF EXISTS `horarios`;
/*!40101 SET @saved_cs_client     = @@character_set_client */;
/*!40101 SET character_set_client = utf8 */;
CREATE TABLE `horarios` (
  `id_horario` int(11) NOT NULL AUTO_INCREMENT,
  `id_datos_persona` int(11) DEFAULT NULL,
  `turno` text DEFAULT NULL,
  `l_entrada` time DEFAULT NULL,
  `l_salida` time DEFAULT NULL,
  `m_entrada` time DEFAULT NULL,
  `m_salida` time DEFAULT NULL,
  `mi_entrada` time DEFAULT NULL,
  `mi_salida` time DEFAULT NULL,
  `j_entrada` time DEFAULT NULL,
  `j_salida` time DEFAULT NULL,
  `v_entrada` time DEFAULT NULL,
  `v_salida` time DEFAULT NULL,
  `s_entrada` time DEFAULT NULL,
  `s_salida` time DEFAULT NULL,
  `d_entrada` time DEFAULT NULL,
  `d_salida` time DEFAULT NULL,
  `fecha_registro` date DEFAULT NULL,
  `hora_registro` time DEFAULT NULL,
  PRIMARY KEY (`id_horario`)
) ENGINE=MyISAM AUTO_INCREMENT=57 DEFAULT CHARSET=utf8;
/*!40101 SET character_set_client = @saved_cs_client */;

--
-- Dumping data for table `horarios`
--

LOCK TABLES `horarios` WRITE;
/*!40000 ALTER TABLE `horarios` DISABLE KEYS */;
INSERT INTO `horarios` VALUES (50,47,'Vespertino','12:00:00','18:00:00','12:00:00','18:00:00','12:00:00','18:00:00','12:00:00','18:00:00','12:00:00','18:00:00','00:00:00','00:00:00','00:00:00','00:00:00','2020-04-20','15:10:27'),(49,48,'Nocturno','18:00:00','00:00:00','18:00:00','00:00:00','18:00:00','00:00:00','18:00:00','00:00:00','18:00:00','00:00:00','00:00:00','00:00:00','00:00:00','00:00:00','2020-04-20','03:45:50'),(51,43,'Vespertino','12:00:00','18:00:00','12:00:00','18:00:00','12:00:00','18:00:00','12:00:00','18:00:00','12:00:00','18:00:00','00:00:00','00:00:00','00:00:00','00:00:00','2020-04-20','15:11:03'),(52,46,'Nocturno','18:00:00','00:00:00','18:00:00','00:00:00','18:00:00','00:00:00','18:00:00','00:00:00','18:00:00','00:00:00','00:00:00','00:00:00','00:00:00','00:00:00','2020-04-20','18:49:21'),(53,45,'Vespertino','12:00:00','18:00:00','12:00:00','18:00:00','12:00:00','18:00:00','12:00:00','18:00:00','12:00:00','18:00:00','00:00:00','00:00:00','00:00:00','00:00:00','2020-04-20','18:50:44'),(54,44,'Especial','00:00:00','08:00:00','00:00:00','08:00:00','00:00:00','08:00:00','00:00:00','08:00:00','00:00:00','08:00:00','00:00:00','00:00:00','00:00:00','00:00:00','2020-04-20','21:09:08'),(55,42,'Vespertino','12:00:00','18:00:00','12:00:00','18:00:00','12:00:00','18:00:00','12:00:00','18:00:00','12:00:00','18:00:00','00:00:00','00:00:00','00:00:00','00:00:00','2020-04-20','21:05:28'),(56,49,'Especial','00:00:00','00:00:00','00:00:00','00:00:00','00:00:00','00:00:00','00:00:00','00:00:00','00:00:00','00:00:00','23:00:00','00:00:00','00:00:00','23:03:00','2020-06-01','20:59:29');
/*!40000 ALTER TABLE `horarios` ENABLE KEYS */;
UNLOCK TABLES;

--
-- Table structure for table `log`
--

DROP TABLE IF EXISTS `log`;
/*!40101 SET @saved_cs_client     = @@character_set_client */;
/*!40101 SET character_set_client = utf8 */;
CREATE TABLE `log` (
  `id_log` int(11) NOT NULL AUTO_INCREMENT,
  `actividad` text DEFAULT NULL,
  `usuario_ejecuta` int(11) DEFAULT NULL,
  `fecha_registro` date DEFAULT NULL,
  `hora_registro` time DEFAULT NULL,
  PRIMARY KEY (`id_log`)
) ENGINE=MyISAM AUTO_INCREMENT=1059 DEFAULT CHARSET=utf8;
/*!40101 SET character_set_client = @saved_cs_client */;

--
-- Dumping data for table `log`
--

LOCK TABLES `log` WRITE;
/*!40000 ALTER TABLE `log` DISABLE KEYS */;
INSERT INTO `log` VALUES (1,'Salio del sistema',2,'2020-04-01','23:15:07'),(2,'Ingreso al sistema',3,'2020-04-02','00:50:49'),(3,'Ha cambiado al tema Chopes',3,'2020-04-02','00:50:56'),(4,'Salio del sistema',3,'2020-04-02','00:51:03'),(5,'Ingreso al sistema',3,'2020-04-15','21:48:28'),(6,'Ingreso al sistema',3,'2020-04-15','21:51:19'),(7,'Ingreso al sistema',3,'2020-04-15','22:15:02'),(8,'Ha cambiado al tema CHyP',3,'2020-04-15','22:15:10'),(9,'Ha cambiado al tema Chopes',3,'2020-04-15','22:15:13'),(10,'Ha cambiado al tema German Team',3,'2020-04-15','22:15:16'),(11,'Ha cambiado al tema Azul Britanico',3,'2020-04-15','22:15:22'),(12,'Salio del sistema',3,'2020-04-15','22:15:28'),(13,'Ingreso al sistema',3,'2020-04-15','22:20:29'),(14,'Ha cambiado al tema German Team',3,'2020-04-15','22:21:19'),(15,'Ha cambiado al tema Chopes',3,'2020-04-15','22:21:23'),(16,'Ha cambiado al tema German Team',3,'2020-04-15','22:24:28'),(17,'Ha cambiado al tema CHyP',3,'2020-04-15','22:24:32'),(18,'Ingreso al sistema',3,'2020-04-15','22:26:00'),(19,'Ha cambiado al tema Chopes',3,'2020-04-15','22:26:05'),(20,'Ingreso al sistema',3,'2020-04-15','22:29:05'),(21,'Ha cambiado al tema Azul Britanico',3,'2020-04-15','22:29:42'),(22,'Ha cambiado al tema CHyP',3,'2020-04-15','22:29:46'),(23,'Ha cambiado al tema Chopes',3,'2020-04-15','22:29:50'),(24,'Ha cambiado al tema Hospital Linares',3,'2020-04-15','22:31:41'),(25,'Ha cambiado al tema CHyP',3,'2020-04-15','22:31:44'),(26,'Ha cambiado al tema Azul Britanico',3,'2020-04-15','22:34:36'),(27,'Ha cambiado al tema Azul Britanico',3,'2020-04-15','22:35:26'),(28,'Ha cambiado al tema CHyP',3,'2020-04-15','22:35:29'),(29,'Ha cambiado al tema Chopes',3,'2020-04-15','22:35:31'),(30,'Ha cambiado al tema CHyP',3,'2020-04-15','22:37:11'),(31,'Ha cambiado al tema Azul Britanico',3,'2020-04-15','22:39:53'),(32,'Ha cambiado al tema CHyP',3,'2020-04-15','22:39:56'),(33,'Ingreso al sistema',3,'2020-04-19','23:16:59'),(34,'Ha cambiado al tema Chopes',3,'2020-04-19','23:17:09'),(35,'Ha cambiado al tema Azul Britanico',3,'2020-04-19','23:17:13'),(36,'Ha cambiado al tema Chopes',3,'2020-04-19','23:17:18'),(37,'Ingreso al sistema',3,'2020-04-19','23:24:10'),(38,'Ha cambiado al tema CHyP',3,'2020-04-19','23:42:44'),(39,'Ha cambiado al tema Chopes',3,'2020-04-19','23:42:47'),(40,'Ingreso al sistema',3,'2020-04-19','23:54:47'),(41,'Ingreso al sistema',3,'2020-04-20','01:24:43'),(42,'Ingreso al sistema',3,'2020-04-20','01:25:17'),(43,'Ingreso al sistema',3,'2020-04-20','02:51:40'),(44,'Ingreso al sistema',3,'2020-04-20','02:52:36'),(45,'Ingreso al sistema',3,'2020-04-20','02:56:26'),(46,'Ingreso al sistema',3,'2020-04-20','02:57:08'),(47,'Ingreso al sistema',3,'2020-04-20','03:03:55'),(48,'Ingreso al sistema',3,'2020-04-20','03:07:06'),(49,'Ingreso al sistema',3,'2020-04-20','03:13:52'),(50,'Ingreso al sistema',3,'2020-04-20','03:20:16'),(51,'Ingreso al sistema',3,'2020-04-20','03:30:27'),(52,'Se ha creado un horario para la persona Jose Luis Olvera Escalona',3,'2020-04-20','03:36:37'),(53,'Se ha actualizado el horario para la persona Jose Luis Olvera Escalona',3,'2020-04-20','03:45:50'),(54,'Ingreso al sistema',3,'2020-04-20','13:13:08'),(55,'Ingreso al sistema',3,'2020-04-20','13:15:54'),(56,'Ingreso al sistema',3,'2020-04-20','13:20:54'),(57,'Ingreso al sistema',3,'2020-04-20','13:23:11'),(58,'Ingreso al sistema',3,'2020-04-20','13:26:09'),(59,'Ha cambiado al tema Chopes',3,'2020-04-20','13:31:18'),(60,'Ha cambiado al tema Hospital Linares',3,'2020-04-20','13:31:26'),(61,'Ha cambiado al tema German Team',3,'2020-04-20','13:31:58'),(62,'Ha cambiado al tema Chopes',3,'2020-04-20','13:32:02'),(63,'Ha cambiado al tema UTLinares',3,'2020-04-20','13:35:15'),(64,'Ingreso al sistema',3,'2020-04-20','13:37:12'),(65,'Ingreso al sistema',3,'2020-04-20','13:38:30'),(66,'Ingreso al sistema',3,'2020-04-20','13:38:50'),(67,'Ha cambiado al tema Chopes',3,'2020-04-20','13:38:54'),(68,'Ingreso al sistema',3,'2020-04-20','13:41:55'),(69,'Ingreso al sistema',3,'2020-04-20','13:42:31'),(70,'Ingreso al sistema',3,'2020-04-20','13:43:12'),(71,'Ingreso al sistema',3,'2020-04-20','13:45:13'),(72,'Ingreso al sistema',3,'2020-04-20','13:45:32'),(73,'Ingreso al sistema',3,'2020-04-20','13:45:58'),(74,'Ingreso al sistema',3,'2020-04-20','13:46:37'),(75,'Ingreso al sistema',3,'2020-04-20','13:47:52'),(76,'Ingreso al sistema',3,'2020-04-20','13:49:15'),(77,'Ingreso al sistema',3,'2020-04-20','13:50:08'),(78,'Ingreso al sistema',3,'2020-04-20','13:50:31'),(79,'Ingreso al sistema',3,'2020-04-20','13:52:22'),(80,'Ingreso al sistema',3,'2020-04-20','13:52:44'),(81,'Ingreso al sistema',3,'2020-04-20','13:54:22'),(82,'Ingreso al sistema',3,'2020-04-20','13:54:56'),(83,'Ingreso al sistema',3,'2020-04-20','13:57:34'),(84,'Ingreso al sistema',3,'2020-04-20','14:00:27'),(85,'Ingreso al sistema',3,'2020-04-20','14:01:53'),(86,'Ingreso al sistema',3,'2020-04-20','14:02:25'),(87,'Ingreso al sistema',3,'2020-04-20','14:03:40'),(88,'Ingreso al sistema',3,'2020-04-20','14:04:03'),(89,'Ingreso al sistema',3,'2020-04-20','14:05:07'),(90,'Ingreso al sistema',3,'2020-04-20','14:06:23'),(91,'Ingreso al sistema',3,'2020-04-20','14:06:49'),(92,'Ingreso al sistema',3,'2020-04-20','14:09:09'),(93,'Ingreso al sistema',3,'2020-04-20','14:19:17'),(94,'Ingreso al sistema',3,'2020-04-20','14:23:56'),(95,'Se ha creado un horario para la persona José Manuel Rosales Bravó',3,'2020-04-20','15:10:27'),(96,'Se ha creado un horario para la persona Yulisa Luna Rodriguez',3,'2020-04-20','15:11:03'),(97,'Ingreso al sistema',3,'2020-04-20','15:25:35'),(98,'Ingreso al sistema',3,'2020-04-20','16:06:55'),(99,'Ha cambiado al tema CHyP',3,'2020-04-20','16:11:25'),(100,'Ha cambiado al tema Chopes',3,'2020-04-20','16:11:27'),(101,'Ingreso al sistema',3,'2020-04-20','16:11:53'),(102,'Ha cambiado al tema German Team',3,'2020-04-20','16:11:59'),(103,'Ingreso al sistema',3,'2020-04-20','16:18:32'),(104,'Ha cambiado al tema Chopes',3,'2020-04-20','16:18:40'),(105,'Ingreso al sistema',3,'2020-04-20','16:21:41'),(106,'Ingreso al sistema',3,'2020-04-20','18:47:38'),(107,'Se ha creado un horario para la persona Víctor Hugo Perez Briseño',3,'2020-04-20','18:49:21'),(108,'Se ha creado un horario para la persona Silvia Guadalupe Muñiz Tienda',3,'2020-04-20','18:50:44'),(109,'Se ha creado un horario para la persona Pablo Adrian Pérez Briseño',3,'2020-04-20','18:56:29'),(110,'Ingreso al sistema',3,'2020-04-20','20:00:06'),(111,'Se ha creado un horario para la persona Judith Guadalupe Zamarripa Villanueva',3,'2020-04-20','20:01:04'),(112,'Ingreso al sistema',3,'2020-04-20','21:04:35'),(113,'Se ha actualizado el horario para la persona Judith Guadalupe Zamarripa Villanueva',3,'2020-04-20','21:05:28'),(114,'Se ha actualizado el horario para la persona Pablo Adrian Pérez Briseño',3,'2020-04-20','21:09:08'),(115,'Ingreso al sistema',3,'2020-04-22','13:30:49'),(116,'Se ha desactivado un registro de la tabla Estado Civil',3,'2020-04-22','13:44:13'),(117,'Se ha reactivado un registro de la tabla Estado Civil',3,'2020-04-22','13:44:15'),(118,'Ingreso al sistema',3,'2020-04-22','13:54:22'),(119,'Ingreso al sistema',3,'2020-04-22','14:06:26'),(120,'Ingreso al sistema',3,'2020-04-22','14:11:03'),(121,'Ingreso al sistema',3,'2020-04-22','15:34:27'),(122,'Se ha desactivado un registro de la tabla Estado Civil',3,'2020-04-22','15:34:47'),(123,'Se ha reactivado un registro de la tabla Estado Civil',3,'2020-04-22','15:34:48'),(124,'Ingreso al sistema',3,'2020-04-22','15:39:30'),(125,'Ingreso al sistema',3,'2020-04-22','15:42:10'),(126,'Ingreso al sistema',3,'2020-04-22','15:43:58'),(127,'Ingreso al sistema',3,'2020-04-22','15:50:26'),(128,'Ingreso al sistema',3,'2020-04-22','15:53:30'),(129,'Ingreso al sistema',3,'2020-04-22','15:54:30'),(130,'Ingreso al sistema',3,'2020-04-22','15:56:04'),(131,'Ingreso al sistema',3,'2020-04-22','16:10:12'),(132,'Ingreso al sistema',3,'2020-04-22','16:31:07'),(133,'Ingreso al sistema',3,'2020-04-22','16:33:43'),(134,'Ingreso al sistema',3,'2020-04-22','16:38:35'),(135,'Ingreso al sistema',3,'2020-04-22','16:43:56'),(136,'Ingreso al sistema',3,'2020-04-22','16:46:59'),(137,'Ingreso al sistema',3,'2020-04-22','16:49:09'),(138,'Ingreso al sistema',3,'2020-04-22','16:51:50'),(139,'Ingreso al sistema',3,'2020-04-22','16:52:50'),(140,'Ingreso al sistema',3,'2020-04-22','16:54:15'),(141,'Ingreso al sistema',3,'2020-04-22','16:54:32'),(142,'Ingreso al sistema',3,'2020-04-22','16:56:00'),(143,'Ingreso al sistema',3,'2020-04-22','16:56:24'),(144,'Ingreso al sistema',3,'2020-04-22','16:56:57'),(145,'Ingreso al sistema',3,'2020-04-22','17:04:52'),(146,'Ingreso al sistema',3,'2020-04-22','17:06:21'),(147,'Ingreso al sistema',3,'2020-04-22','17:07:09'),(148,'Ingreso al sistema',3,'2020-04-22','17:08:21'),(149,'Ingreso al sistema',3,'2020-04-22','17:09:00'),(150,'Ingreso al sistema',3,'2020-04-22','17:23:38'),(151,'Ingreso al sistema',3,'2020-04-22','19:34:13'),(152,'Ingreso al sistema',3,'2020-04-22','19:39:25'),(153,'Ingreso al sistema',3,'2020-04-22','19:41:07'),(154,'Ingreso al sistema',3,'2020-04-23','13:06:04'),(155,'Ingreso al sistema',3,'2020-04-23','13:27:27'),(156,'Ingreso al sistema',3,'2020-04-23','13:36:04'),(157,'Ingreso al sistema',3,'2020-04-23','13:39:33'),(158,'Ingreso al sistema',3,'2020-04-23','13:44:25'),(159,'Ingreso al sistema',3,'2020-04-23','13:46:13'),(160,'Ingreso al sistema',3,'2020-04-23','15:28:15'),(161,'Ingreso al sistema',3,'2020-04-23','15:37:15'),(162,'Se ha desactivado un registro de la tabla Estado Civil',3,'2020-04-23','15:37:26'),(163,'Se ha reactivado un registro de la tabla Estado Civil',3,'2020-04-23','15:37:27'),(164,'Ingreso al sistema',3,'2020-04-23','15:42:13'),(165,'Ingreso al sistema',3,'2020-04-23','15:43:05'),(166,'Ingreso al sistema',3,'2020-04-23','15:44:49'),(167,'Ingreso al sistema',3,'2020-04-23','19:25:28'),(168,'Ingreso al sistema',3,'2020-04-23','19:33:45'),(169,'Ingreso al sistema',3,'2020-04-23','19:34:33'),(170,'Ingreso al sistema',3,'2020-04-23','19:36:30'),(171,'Ingreso al sistema',3,'2020-04-23','19:45:32'),(172,'Ingreso al sistema',3,'2020-04-23','19:47:41'),(173,'Ingreso al sistema',3,'2020-04-23','20:19:35'),(174,'Se insertado un nuevo registro a la tabla Estado Civil',3,'2020-04-23','20:20:15'),(175,'Ingreso al sistema',3,'2020-04-23','20:20:24'),(176,'Ingreso al sistema',3,'2020-04-23','20:25:56'),(177,'Ingreso al sistema',3,'2020-04-23','20:27:37'),(178,'Ingreso al sistema',3,'2020-04-23','20:29:59'),(179,'Ingreso al sistema',3,'2020-04-23','20:30:06'),(180,'Ingreso al sistema',3,'2020-04-23','20:31:22'),(181,'Ingreso al sistema',3,'2020-04-23','20:32:48'),(182,'Ingreso al sistema',3,'2020-04-23','20:33:54'),(183,'Ingreso al sistema',3,'2020-04-23','20:44:29'),(184,'Ingreso al sistema',3,'2020-04-23','20:45:06'),(185,'Ingreso al sistema',3,'2020-04-23','20:45:38'),(186,'Ingreso al sistema',3,'2020-04-23','20:46:20'),(187,'Ingreso al sistema',3,'2020-04-23','20:49:34'),(188,'Ingreso al sistema',3,'2020-04-23','20:51:51'),(189,'Ingreso al sistema',3,'2020-04-23','20:56:46'),(190,'Ingreso al sistema',3,'2020-04-23','20:58:07'),(191,'Ingreso al sistema',3,'2020-04-23','20:58:50'),(192,'Ingreso al sistema',3,'2020-04-23','20:59:22'),(193,'Ingreso al sistema',3,'2020-04-23','21:00:37'),(194,'Ingreso al sistema',3,'2020-04-23','21:01:00'),(195,'Ingreso al sistema',3,'2020-04-23','21:01:25'),(196,'Ingreso al sistema',3,'2020-04-23','21:01:48'),(197,'Ingreso al sistema',3,'2020-04-23','21:11:49'),(198,'Ingreso al sistema',3,'2020-04-23','21:17:08'),(199,'Ingreso al sistema',3,'2020-04-23','21:35:14'),(200,'Ingreso al sistema',3,'2020-04-23','21:38:23'),(201,'Ingreso al sistema',3,'2020-04-23','21:39:26'),(202,'Ingreso al sistema',3,'2020-04-23','21:42:02'),(203,'Ingreso al sistema',3,'2020-04-23','21:44:41'),(204,'Ingreso al sistema',3,'2020-04-23','21:45:40'),(205,'Ingreso al sistema',3,'2020-04-23','22:08:01'),(206,'Ingreso al sistema',3,'2020-04-23','22:12:14'),(207,'Ingreso al sistema',3,'2020-04-23','22:13:20'),(208,'Ingreso al sistema',3,'2020-04-23','22:23:14'),(209,'Ingreso al sistema',3,'2020-04-24','10:01:30'),(210,'Se ha desactivado un registro de la tabla Estado Civil',3,'2020-04-24','10:03:19'),(211,'Se ha reactivado un registro de la tabla Estado Civil',3,'2020-04-24','10:03:29'),(212,'Se ha desactivado un registro de la tabla Estado Civil',3,'2020-04-24','10:03:35'),(213,'Se ha reactivado un registro de la tabla Estado Civil',3,'2020-04-24','10:03:43'),(214,'Ingreso al sistema',3,'2020-04-24','10:08:15'),(215,'Se ha desactivado un registro de la tabla Estado Civil',3,'2020-04-24','10:08:23'),(216,'Se ha reactivado un registro de la tabla Estado Civil',3,'2020-04-24','10:08:38'),(217,'Se ha desactivado un registro de la tabla Estado Civil',3,'2020-04-24','10:08:40'),(218,'Se ha reactivado un registro de la tabla Estado Civil',3,'2020-04-24','10:08:56'),(219,'Ingreso al sistema',3,'2020-04-24','10:19:15'),(220,'Ingreso al sistema',3,'2020-04-24','10:47:56'),(221,'Ingreso al sistema',3,'2020-04-24','11:49:56'),(222,'Ingreso al sistema',3,'2020-04-24','11:56:19'),(223,'Ingreso al sistema',3,'2020-04-24','11:59:16'),(224,'Ingreso al sistema',3,'2020-04-24','12:01:43'),(225,'Ingreso al sistema',3,'2020-04-24','12:02:24'),(226,'Ingreso al sistema',3,'2020-04-24','12:38:54'),(227,'Ingreso al sistema',3,'2020-04-24','12:40:50'),(228,'Ingreso al sistema',3,'2020-04-24','12:44:55'),(229,'Ingreso al sistema',3,'2020-04-24','12:49:29'),(230,'Ingreso al sistema',3,'2020-04-24','12:51:30'),(231,'Ingreso al sistema',3,'2020-04-24','13:00:46'),(232,'Ingreso al sistema',3,'2020-04-24','13:01:49'),(233,'Ingreso al sistema',3,'2020-04-24','14:26:06'),(234,'Ingreso al sistema',3,'2020-04-24','14:29:17'),(235,'Ingreso al sistema',3,'2020-04-24','14:31:40'),(236,'Ingreso al sistema',3,'2020-04-24','14:32:19'),(237,'Ingreso al sistema',3,'2020-04-24','14:35:02'),(238,'Ingreso al sistema',3,'2020-04-24','14:35:13'),(239,'Ingreso al sistema',3,'2020-04-24','14:36:28'),(240,'Ingreso al sistema',3,'2020-04-24','14:37:50'),(241,'Ingreso al sistema',3,'2020-04-24','14:42:15'),(242,'Ingreso al sistema',3,'2020-04-24','14:47:53'),(243,'Ingreso al sistema',3,'2020-04-24','14:51:00'),(244,'Ingreso al sistema',3,'2020-04-24','14:52:41'),(245,'Ingreso al sistema',3,'2020-04-24','14:56:56'),(246,'Ingreso al sistema',3,'2020-04-24','15:02:53'),(247,'Ingreso al sistema',3,'2020-04-24','15:04:50'),(248,'Ingreso al sistema',3,'2020-04-24','15:06:36'),(249,'Ingreso al sistema',3,'2020-04-24','15:29:28'),(250,'Ingreso al sistema',3,'2020-04-24','15:32:51'),(251,'Ingreso al sistema',3,'2020-04-24','15:33:50'),(252,'Ingreso al sistema',3,'2020-04-24','15:37:46'),(253,'Ingreso al sistema',3,'2020-04-24','15:40:37'),(254,'Ingreso al sistema',3,'2020-04-24','15:43:23'),(255,'Ingreso al sistema',3,'2020-04-24','15:43:38'),(256,'Ingreso al sistema',3,'2020-04-24','15:44:25'),(257,'Ingreso al sistema',3,'2020-05-06','17:33:41'),(258,'Ingreso al sistema',3,'2020-05-07','00:12:01'),(259,'Ingreso al sistema',3,'2020-05-07','00:33:37'),(260,'Ingreso al sistema',3,'2020-05-07','00:45:03'),(261,'Ingreso al sistema',3,'2020-05-07','00:48:29'),(262,'Se ha desactivado un registro de la tabla Estado Civil',3,'2020-05-07','00:48:35'),(263,'Se ha reactivado un registro de la tabla Estado Civil',3,'2020-05-07','00:48:56'),(264,'Ingreso al sistema',3,'2020-05-07','00:50:19'),(265,'Ingreso al sistema',3,'2020-05-07','16:08:54'),(266,'Ingreso al sistema',3,'2020-05-07','16:17:22'),(267,'Ingreso al sistema',3,'2020-05-07','16:19:45'),(268,'Ingreso al sistema',3,'2020-05-07','16:21:19'),(269,'Ingreso al sistema',3,'2020-05-07','16:23:29'),(270,'Ingreso al sistema',3,'2020-05-07','16:26:16'),(271,'Ingreso al sistema',3,'2020-05-07','16:27:52'),(272,'Ingreso al sistema',3,'2020-05-07','16:34:55'),(273,'Ingreso al sistema',3,'2020-05-07','16:37:45'),(274,'Ingreso al sistema',3,'2020-05-07','16:45:07'),(275,'Ingreso al sistema',3,'2020-05-07','16:46:04'),(276,'Ingreso al sistema',3,'2020-05-07','17:09:10'),(277,'Ingreso al sistema',3,'2020-05-07','17:21:34'),(278,'Ingreso al sistema',3,'2020-05-07','17:23:46'),(279,'Se insertado un nuevo registro a la tabla Datos Personales',3,'2020-05-07','18:00:31'),(280,'Ingreso al sistema',3,'2020-05-07','18:15:28'),(281,'Ingreso al sistema',3,'2020-05-07','18:18:15'),(282,'Ingreso al sistema',3,'2020-05-07','18:18:43'),(283,'Ingreso al sistema',3,'2020-05-07','18:22:56'),(284,'Ingreso al sistema',3,'2020-05-07','18:41:33'),(285,'Ingreso al sistema',3,'2020-05-07','18:44:50'),(286,'Ingreso al sistema',3,'2020-05-07','18:45:30'),(287,'Ingreso al sistema',3,'2020-05-07','18:47:31'),(288,'Ingreso al sistema',3,'2020-05-07','18:48:19'),(289,'Ingreso al sistema',3,'2020-05-07','18:50:04'),(290,'Ingreso al sistema',3,'2020-05-07','18:51:19'),(291,'Ingreso al sistema',3,'2020-05-07','18:54:51'),(292,'Ingreso al sistema',3,'2020-05-07','18:55:55'),(293,'Ha cambiado al tema Chopes',3,'2020-05-07','19:35:15'),(294,'Ingreso al sistema',3,'2020-05-07','20:29:14'),(295,'Ingreso al sistema',3,'2020-05-07','20:30:13'),(296,'Ha cambiado al tema Valgame',3,'2020-05-07','20:30:22'),(297,'Ha cambiado al tema Chopes',3,'2020-05-07','20:30:27'),(298,'Ha cambiado al tema Grey and Blue',3,'2020-05-07','20:37:46'),(299,'Ha cambiado al tema Valgame',3,'2020-05-07','20:37:49'),(300,'Ha cambiado al tema Chopes',3,'2020-05-07','20:37:52'),(301,'Ingreso al sistema',3,'2020-05-07','20:38:02'),(302,'Ingreso al sistema',3,'2020-05-07','20:59:40'),(303,'Ingreso al sistema',3,'2020-05-07','21:00:08'),(304,'Ingreso al sistema',3,'2020-05-07','21:00:40'),(305,'Ingreso al sistema',3,'2020-05-07','21:15:38'),(306,'Ingreso al sistema',3,'2020-05-07','21:19:10'),(307,'Ingreso al sistema',3,'2020-05-07','21:21:01'),(308,'Ingreso al sistema',3,'2020-05-07','21:23:46'),(309,'Ingreso al sistema',3,'2020-05-07','21:26:59'),(310,'Ha cambiado al tema Dark Green',3,'2020-05-07','21:27:14'),(311,'Ingreso al sistema',3,'2020-05-07','21:27:36'),(312,'Ha cambiado al tema Dark Green',3,'2020-05-07','21:27:44'),(313,'Ha cambiado al tema Chopes',3,'2020-05-07','21:27:52'),(314,'Ingreso al sistema',3,'2020-05-07','21:32:31'),(315,'Ingreso al sistema',3,'2020-05-07','21:35:07'),(316,'Ingreso al sistema',3,'2020-05-07','21:39:51'),(317,'Ingreso al sistema',3,'2020-05-07','21:41:06'),(318,'Ingreso al sistema',3,'2020-05-07','21:42:25'),(319,'Ingreso al sistema',3,'2020-05-07','21:48:35'),(320,'Ingreso al sistema',3,'2020-05-07','21:55:33'),(321,'Ingreso al sistema',3,'2020-05-07','22:03:38'),(322,'Ingreso al sistema',3,'2020-05-07','22:17:49'),(323,'Ingreso al sistema',3,'2020-05-07','23:27:54'),(324,'Ingreso al sistema',3,'2020-05-07','23:39:37'),(325,'Ha cambiado al tema Oscuro',3,'2020-05-07','23:42:26'),(326,'Ha cambiado al tema Chopes',3,'2020-05-07','23:52:07'),(327,'Ingreso al sistema',3,'2020-05-08','14:08:38'),(328,'Ingreso al sistema',3,'2020-05-08','14:47:50'),(329,'Ingreso al sistema',3,'2020-05-08','14:49:07'),(330,'Ingreso al sistema',3,'2020-05-08','15:04:13'),(331,'Ingreso al sistema',3,'2020-05-08','15:05:53'),(332,'Ingreso al sistema',3,'2020-05-08','15:28:44'),(333,'Ingreso al sistema',3,'2020-05-08','16:42:55'),(334,'Ingreso al sistema',3,'2020-05-08','16:43:55'),(335,'Ingreso al sistema',3,'2020-05-08','16:45:05'),(336,'Ingreso al sistema',3,'2020-05-08','16:45:40'),(337,'Ingreso al sistema',3,'2020-05-08','16:51:09'),(338,'Ingreso al sistema',3,'2020-05-08','16:51:51'),(339,'Ingreso al sistema',3,'2020-05-08','16:52:30'),(340,'Ingreso al sistema',3,'2020-05-08','16:53:21'),(341,'Ingreso al sistema',3,'2020-05-08','16:55:02'),(342,'Ingreso al sistema',3,'2020-05-08','16:55:52'),(343,'Ingreso al sistema',3,'2020-05-08','16:56:19'),(344,'Ingreso al sistema',3,'2020-05-08','16:58:12'),(345,'Ingreso al sistema',3,'2020-05-08','16:59:49'),(346,'Ingreso al sistema',3,'2020-05-08','17:01:10'),(347,'Ingreso al sistema',3,'2020-05-08','17:02:45'),(348,'Ingreso al sistema',3,'2020-05-08','17:06:49'),(349,'Se insertado un nuevo registro a la tabla Crear Temas',3,'2020-05-08','17:07:03'),(350,'Ingreso al sistema',3,'2020-05-08','17:28:52'),(351,'Se insertado un nuevo registro a la tabla Crear Temas',3,'2020-05-08','17:29:18'),(352,'Ingreso al sistema',3,'2020-05-08','17:34:41'),(353,'Se insertado un nuevo registro a la tabla Crear Temas',3,'2020-05-08','17:34:58'),(354,'Se ha desactivado un registro de la tabla Estado Civil',3,'2020-05-08','17:35:04'),(355,'Ingreso al sistema',3,'2020-05-08','17:53:17'),(356,'Ingreso al sistema',3,'2020-05-08','18:24:29'),(357,'Se insertado un nuevo registro a la tabla Crear Temas',3,'2020-05-08','18:24:46'),(358,'Ha cambiado al tema jalisco',3,'2020-05-08','18:24:53'),(359,'Ingreso al sistema',3,'2020-05-08','18:27:45'),(360,'Se ha modificado un registro de la tabla Crear Temas',3,'2020-05-08','18:28:03'),(361,'Ha cambiado al tema jalisco',3,'2020-05-08','18:28:12'),(362,'Ingreso al sistema',3,'2020-05-08','18:30:01'),(363,'Se ha modificado un registro de la tabla Crear Temas',3,'2020-05-08','18:30:18'),(364,'Ha cambiado al tema jalisco',3,'2020-05-08','18:30:22'),(365,'Se ha modificado un registro de la tabla Crear Temas',3,'2020-05-08','18:30:40'),(366,'Ingreso al sistema',3,'2020-05-08','18:31:38'),(367,'Se ha modificado un registro de la tabla Crear Temas',3,'2020-05-08','18:31:52'),(368,'Ha cambiado al tema jalisco',3,'2020-05-08','18:32:26'),(369,'Se ha modificado un registro de la tabla Crear Temas',3,'2020-05-08','18:32:34'),(370,'Ha cambiado al tema jalisco',3,'2020-05-08','18:32:39'),(371,'Ingreso al sistema',3,'2020-05-08','18:33:27'),(372,'Se ha modificado un registro de la tabla Crear Temas',3,'2020-05-08','18:33:39'),(373,'Ha cambiado al tema jalisco',3,'2020-05-08','18:33:44'),(374,'Ingreso al sistema',3,'2020-05-08','18:46:02'),(375,'Ingreso al sistema',3,'2020-05-08','18:48:55'),(376,'Se ha modificado un registro de la tabla Crear Temas',3,'2020-05-08','18:49:28'),(377,'Ha cambiado al tema jalisco',3,'2020-05-08','18:49:39'),(378,'Ha cambiado al tema Chopes',3,'2020-05-08','18:49:47'),(379,'Ingreso al sistema',3,'2020-05-08','18:58:38'),(380,'Ingreso al sistema',3,'2020-05-08','19:05:33'),(381,'Ha cambiado al tema Grey and Blue',3,'2020-05-08','19:05:51'),(382,'Ha cambiado al tema Chopes',3,'2020-05-08','19:05:59'),(383,'Ingreso al sistema',3,'2020-05-08','19:11:15'),(384,'Ingreso al sistema',3,'2020-05-08','19:16:09'),(385,'Ingreso al sistema',3,'2020-05-08','19:19:48'),(386,'Ha cambiado al tema Chopes',3,'2020-05-08','19:20:11'),(387,'Se ha desactivado un registro de la tabla Estado Civil',3,'2020-05-08','19:23:17'),(388,'Se ha reactivado un registro de la tabla Estado Civil',3,'2020-05-08','19:23:24'),(389,'Ha cambiado al tema Valgame',3,'2020-05-08','19:23:49'),(390,'Se insertado un nuevo registro a la tabla Crear Temas',3,'2020-05-08','19:24:34'),(391,'Ha cambiado al tema jalisco',3,'2020-05-08','19:24:48'),(392,'Ha cambiado al tema Chopes',3,'2020-05-08','19:24:55'),(393,'Ingreso al sistema',3,'2020-05-08','19:25:27'),(394,'Se ha desactivado un registro de la tabla Estado Civil',3,'2020-05-08','19:26:51'),(395,'Se ha reactivado un registro de la tabla Estado Civil',3,'2020-05-08','19:26:57'),(396,'Ha cambiado al tema Valgame',3,'2020-05-08','19:27:10'),(397,'Se insertado un nuevo registro a la tabla Crear Temas',3,'2020-05-08','19:27:46'),(398,'Se ha modificado un registro de la tabla Crear Temas',3,'2020-05-08','19:28:21'),(399,'Ha cambiado al tema Chopes',3,'2020-05-08','19:28:47'),(400,'Ingreso al sistema',3,'2020-05-08','19:29:02'),(401,'Se ha desactivado un registro de la tabla Estado Civil',3,'2020-05-08','19:29:30'),(402,'Se ha reactivado un registro de la tabla Estado Civil',3,'2020-05-08','19:29:36'),(403,'Ha cambiado al tema Valgame',3,'2020-05-08','19:29:58'),(404,'Se insertado un nuevo registro a la tabla Crear Temas',3,'2020-05-08','19:30:40'),(405,'Ha cambiado al tema jalisco',3,'2020-05-08','19:30:51'),(406,'Se ha modificado un registro de la tabla Crear Temas',3,'2020-05-08','19:31:10'),(407,'Ha cambiado al tema jalisco',3,'2020-05-08','19:31:14'),(408,'Ha cambiado al tema Chopes',3,'2020-05-08','19:33:27'),(409,'Ingreso al sistema',3,'2020-05-08','19:33:47'),(410,'Ingreso al sistema',3,'2020-05-08','19:34:54'),(411,'Se insertado un nuevo registro a la tabla Crear Temas',3,'2020-05-08','19:36:17'),(412,'Se ha desactivado un registro de la tabla Estado Civil',3,'2020-05-08','19:36:29'),(413,'Se ha reactivado un registro de la tabla Estado Civil',3,'2020-05-08','19:36:35'),(414,'Ha cambiado al tema jalisco',3,'2020-05-08','19:36:44'),(415,'Se ha modificado un registro de la tabla Crear Temas',3,'2020-05-08','19:37:03'),(416,'Ha cambiado al tema jalisco',3,'2020-05-08','19:37:09'),(417,'Ingreso al sistema',3,'2020-05-08','19:37:49'),(418,'Ha cambiado al tema Chopes',3,'2020-05-08','19:38:06'),(419,'Ingreso al sistema',3,'2020-05-08','19:39:35'),(420,'Se insertado un nuevo registro a la tabla Crear Temas',3,'2020-05-08','19:40:31'),(421,'Se ha desactivado un registro de la tabla Estado Civil',3,'2020-05-08','19:40:41'),(422,'Se ha reactivado un registro de la tabla Estado Civil',3,'2020-05-08','19:40:46'),(423,'Ha cambiado al tema jalisco',3,'2020-05-08','19:40:54'),(424,'Se ha modificado un registro de la tabla Crear Temas',3,'2020-05-08','19:41:10'),(425,'Ha cambiado al tema jalisco',3,'2020-05-08','19:41:15'),(426,'Ingreso al sistema',3,'2020-05-09','15:39:45'),(427,'Ingreso al sistema',3,'2020-05-09','15:40:38'),(428,'Ha cambiado al tema Chopes',3,'2020-05-09','15:40:47'),(429,'Ingreso al sistema',3,'2020-05-09','15:47:38'),(430,'Ingreso al sistema',3,'2020-05-09','15:48:55'),(431,'Ingreso al sistema',3,'2020-05-09','15:56:52'),(432,'Ingreso al sistema',3,'2020-05-09','15:57:54'),(433,'Ingreso al sistema',3,'2020-05-09','16:01:09'),(434,'Ingreso al sistema',3,'2020-05-09','16:01:58'),(435,'Ingreso al sistema',3,'2020-05-09','16:06:23'),(436,'Ingreso al sistema',3,'2020-05-09','16:32:59'),(437,'Ingreso al sistema',3,'2020-05-09','16:33:49'),(438,'Ha cambiado al tema jalisco',3,'2020-05-09','16:34:39'),(439,'Ingreso al sistema',3,'2020-05-09','16:36:20'),(440,'Ingreso al sistema',3,'2020-05-09','16:39:29'),(441,'Ha cambiado al tema Chopes',3,'2020-05-09','16:43:57'),(442,'Ingreso al sistema',3,'2020-05-09','16:51:25'),(443,'Ingreso al sistema',3,'2020-05-09','16:53:02'),(444,'Ingreso al sistema',3,'2020-05-09','17:01:00'),(445,'Ingreso al sistema',3,'2020-05-09','17:01:36'),(446,'Ingreso al sistema',3,'2020-05-09','17:03:38'),(447,'Ingreso al sistema',3,'2020-05-09','17:08:34'),(448,'Ingreso al sistema',3,'2020-05-09','17:09:57'),(449,'Ingreso al sistema',3,'2020-05-09','17:16:12'),(450,'Ingreso al sistema',3,'2020-05-09','17:18:03'),(451,'Ingreso al sistema',3,'2020-05-09','17:18:43'),(452,'Ingreso al sistema',3,'2020-05-09','17:24:44'),(453,'Ingreso al sistema',3,'2020-05-09','17:43:51'),(454,'Ingreso al sistema',3,'2020-05-09','17:48:48'),(455,'Ingreso al sistema',3,'2020-05-09','17:49:31'),(456,'Ingreso al sistema',3,'2020-05-09','17:50:59'),(457,'Ingreso al sistema',3,'2020-05-09','17:52:36'),(458,'Ingreso al sistema',3,'2020-05-09','17:54:20'),(459,'Ingreso al sistema',3,'2020-05-09','17:55:22'),(460,'Ingreso al sistema',3,'2020-05-09','17:58:29'),(461,'Ingreso al sistema',3,'2020-05-09','18:00:06'),(462,'Ingreso al sistema',3,'2020-05-09','18:16:26'),(463,'Ingreso al sistema',3,'2020-05-09','18:25:59'),(464,'Ingreso al sistema',3,'2020-05-09','18:36:52'),(465,'Ha cambiado al tema Valgame',3,'2020-05-09','18:37:21'),(466,'Ha cambiado al tema Chopes',3,'2020-05-09','18:37:34'),(467,'Ingreso al sistema',3,'2020-05-09','18:37:52'),(468,'Ha cambiado al tema Grey and Blue',3,'2020-05-09','18:38:22'),(469,'Ha cambiado al tema Chopes',3,'2020-05-09','18:38:31'),(470,'Ha cambiado al tema jalisco',3,'2020-05-09','18:45:41'),(471,'Ingreso al sistema',3,'2020-05-18','17:15:43'),(472,'Ha cambiado al tema CHyP',3,'2020-05-18','17:15:51'),(473,'Ha cambiado al tema Chopes',3,'2020-05-18','17:15:56'),(474,'Ingreso al sistema',3,'2020-05-21','18:40:16'),(475,'Ingreso al sistema',3,'2020-05-21','18:50:52'),(476,'Ingreso al sistema',3,'2020-05-21','19:10:23'),(477,'Ingreso al sistema',3,'2020-05-21','19:21:04'),(478,'Ingreso al sistema',3,'2020-05-21','20:03:32'),(479,'Ingreso al sistema',3,'2020-05-21','20:04:45'),(480,'Ingreso al sistema',3,'2020-05-21','21:57:26'),(481,'Ingreso al sistema',3,'2020-05-21','22:15:06'),(482,'Ingreso al sistema',3,'2020-05-21','22:20:31'),(483,'Se ha desactivado un registro de la tabla tabla Usuarios',3,'2020-05-21','22:20:42'),(484,'Se ha reactivado un registro de la tabla tabla Usuarios',3,'2020-05-21','22:20:53'),(485,'Se ha desactivado un registro de la tabla tabla Usuarios',3,'2020-05-21','22:22:35'),(486,'Se ha reactivado un registro de la tabla tabla Usuarios',3,'2020-05-21','22:22:41'),(487,'Ingreso al sistema',3,'2020-05-21','22:24:44'),(488,'Ingreso al sistema',3,'2020-05-21','22:25:51'),(489,'Ingreso al sistema',3,'2020-05-21','22:26:20'),(490,'Ingreso al sistema',3,'2020-05-21','22:27:17'),(491,'Ingreso al sistema',3,'2020-05-21','22:27:28'),(492,'Ingreso al sistema',3,'2020-05-21','23:18:44'),(493,'Ingreso al sistema',3,'2020-05-21','23:27:58'),(494,'Ingreso al sistema',3,'2020-05-21','23:28:42'),(495,'Ingreso al sistema',3,'2020-05-21','23:30:02'),(496,'Ingreso al sistema',3,'2020-05-21','23:30:03'),(497,'Ingreso al sistema',3,'2020-05-22','00:35:17'),(498,'Ingreso al sistema',3,'2020-05-22','00:36:10'),(499,'Ingreso al sistema',3,'2020-05-22','00:37:08'),(500,'Ingreso al sistema',3,'2020-05-22','00:39:14'),(501,'Ingreso al sistema',3,'2020-05-22','00:43:26'),(502,'Ingreso al sistema',3,'2020-05-22','00:47:53'),(503,'Ingreso al sistema',3,'2020-05-22','00:48:26'),(504,'Ingreso al sistema',3,'2020-05-22','00:51:01'),(505,'Ingreso al sistema',3,'2020-05-22','00:54:06'),(506,'Ingreso al sistema',3,'2020-05-22','01:06:17'),(507,'Ingreso al sistema',3,'2020-05-22','01:08:04'),(508,'Ingreso al sistema',3,'2020-05-22','01:08:36'),(509,'Ingreso al sistema',3,'2020-05-22','01:12:10'),(510,'Ingreso al sistema',3,'2020-05-22','01:13:35'),(511,'Ingreso al sistema',3,'2020-05-22','01:14:04'),(512,'Ingreso al sistema',3,'2020-05-22','01:16:44'),(513,'Ingreso al sistema',3,'2020-05-22','01:17:08'),(514,'Ingreso al sistema',3,'2020-05-22','01:17:56'),(515,'Ingreso al sistema',3,'2020-05-22','01:28:59'),(516,'Ingreso al sistema',3,'2020-05-22','01:31:48'),(517,'Ingreso al sistema',3,'2020-05-22','01:32:37'),(518,'Ingreso al sistema',3,'2020-05-22','01:33:29'),(519,'Ingreso al sistema',3,'2020-05-22','01:37:05'),(520,'Ingreso al sistema',3,'2020-05-22','01:57:39'),(521,'Ingreso al sistema',3,'2020-05-22','01:58:52'),(522,'Ingreso al sistema',3,'2020-05-22','02:00:17'),(523,'Ingreso al sistema',3,'2020-05-22','03:05:23'),(524,'Ingreso al sistema',3,'2020-05-22','03:06:07'),(525,'Ingreso al sistema',3,'2020-05-22','03:11:10'),(526,'Ingreso al sistema',3,'2020-05-22','03:12:25'),(527,'Ingreso al sistema',3,'2020-05-22','03:14:53'),(528,'Ingreso al sistema',3,'2020-05-22','03:17:46'),(529,'Ingreso al sistema',3,'2020-05-22','03:19:35'),(530,'Ingreso al sistema',3,'2020-05-22','03:21:15'),(531,'Ingreso al sistema',3,'2020-05-22','03:26:43'),(532,'Ingreso al sistema',3,'2020-05-22','03:33:35'),(533,'Ingreso al sistema',3,'2020-05-22','03:44:32'),(534,'Ingreso al sistema',3,'2020-05-22','03:48:30'),(535,'Ingreso al sistema',3,'2020-05-22','03:49:06'),(536,'Ingreso al sistema',3,'2020-05-22','03:54:09'),(537,'Ingreso al sistema',3,'2020-05-22','03:59:26'),(538,'Ingreso al sistema',3,'2020-05-22','04:00:32'),(539,'Ingreso al sistema',3,'2020-05-22','04:01:17'),(540,'Ingreso al sistema',3,'2020-05-22','04:02:08'),(541,'Ingreso al sistema',3,'2020-05-22','04:12:29'),(542,'Ingreso al sistema',3,'2020-05-22','04:15:32'),(543,'Ingreso al sistema',3,'2020-05-22','04:16:53'),(544,'Ingreso al sistema',3,'2020-05-22','04:19:26'),(545,'Ingreso al sistema',3,'2020-05-22','04:23:23'),(546,'Ingreso al sistema',3,'2020-05-22','04:24:55'),(547,'Ingreso al sistema',3,'2020-05-22','04:26:25'),(548,'Ingreso al sistema',3,'2020-05-22','04:33:28'),(549,'Ingreso al sistema',3,'2020-05-22','04:35:16'),(550,'Ingreso al sistema',3,'2020-05-22','04:36:51'),(551,'Ingreso al sistema',3,'2020-05-22','04:46:50'),(552,'Ingreso al sistema',3,'2020-05-22','04:48:42'),(553,'Ingreso al sistema',3,'2020-05-22','04:49:35'),(554,'Ingreso al sistema',3,'2020-05-22','04:50:28'),(555,'Ingreso al sistema',3,'2020-05-22','04:50:57'),(556,'Ingreso al sistema',3,'2020-05-22','04:51:37'),(557,'Ingreso al sistema',3,'2020-05-22','04:52:11'),(558,'Ingreso al sistema',3,'2020-05-22','04:53:04'),(559,'Ingreso al sistema',3,'2020-05-22','04:53:51'),(560,'Ingreso al sistema',3,'2020-05-22','17:20:02'),(561,'Ingreso al sistema',3,'2020-05-22','17:22:02'),(562,'Ingreso al sistema',3,'2020-05-22','17:27:54'),(563,'Ingreso al sistema',3,'2020-05-22','22:16:54'),(564,'Ingreso al sistema',3,'2020-05-22','22:23:43'),(565,'Ingreso al sistema',3,'2020-05-22','22:28:23'),(566,'Ingreso al sistema',3,'2020-05-22','22:31:41'),(567,'Ingreso al sistema',3,'2020-05-22','22:35:02'),(568,'Ingreso al sistema',3,'2020-05-22','22:36:52'),(569,'Ingreso al sistema',3,'2020-05-22','22:40:56'),(570,'Ingreso al sistema',3,'2020-05-22','23:04:20'),(571,'Ingreso al sistema',3,'2020-05-22','23:06:30'),(572,'Ingreso al sistema',3,'2020-05-22','23:24:54'),(573,'Ingreso al sistema',3,'2020-05-23','00:36:04'),(574,'Ingreso al sistema',3,'2020-05-23','00:37:47'),(575,'Ha cambiado al tema Chopes',3,'2020-05-23','00:38:09'),(576,'Ingreso al sistema',3,'2020-05-23','00:38:59'),(577,'Ingreso al sistema',3,'2020-05-23','00:43:21'),(578,'Ingreso al sistema',3,'2020-05-23','00:48:34'),(579,'Ingreso al sistema',3,'2020-05-23','00:57:42'),(580,'Ingreso al sistema',3,'2020-05-23','01:01:54'),(581,'Ingreso al sistema',3,'2020-05-23','01:05:18'),(582,'Ingreso al sistema',3,'2020-05-23','01:12:08'),(583,'Ingreso al sistema',3,'2020-05-23','01:15:27'),(584,'Ingreso al sistema',3,'2020-05-23','01:35:27'),(585,'Ingreso al sistema',3,'2020-05-23','01:45:04'),(586,'Ingreso al sistema',3,'2020-05-23','01:47:16'),(587,'Ingreso al sistema',3,'2020-05-23','02:47:52'),(588,'Ingreso al sistema',3,'2020-05-23','02:53:38'),(589,'Ingreso al sistema',3,'2020-05-23','03:09:47'),(590,'Ingreso al sistema',3,'2020-05-23','03:12:53'),(591,'Ingreso al sistema',3,'2020-05-23','03:23:05'),(592,'Ingreso al sistema',3,'2020-05-23','03:29:16'),(593,'Ingreso al sistema',3,'2020-05-23','03:30:17'),(594,'Ingreso al sistema',3,'2020-05-23','03:55:39'),(595,'Ingreso al sistema',3,'2020-05-23','03:58:23'),(596,'Ingreso al sistema',3,'2020-05-23','04:10:43'),(597,'Se ha desactivado un registro de la tabla tabla Usuarios',3,'2020-05-23','04:20:24'),(598,'Se ha reactivado un registro de la tabla tabla Usuarios',3,'2020-05-23','04:20:27'),(599,'Ingreso al sistema',3,'2020-05-23','04:35:00'),(600,'Ingreso al sistema',3,'2020-05-23','14:35:19'),(601,'Ingreso al sistema',3,'2020-05-23','15:13:39'),(602,'Ingreso al sistema',3,'2020-05-23','15:36:26'),(603,'Ingreso al sistema',3,'2020-05-23','15:44:14'),(604,'Ingreso al sistema',3,'2020-05-23','15:51:41'),(605,'Ingreso al sistema',3,'2020-05-23','15:53:20'),(606,'Ingreso al sistema',3,'2020-05-23','15:56:59'),(607,'Ingreso al sistema',3,'2020-05-23','16:01:24'),(608,'Ingreso al sistema',3,'2020-05-23','16:03:48'),(609,'Ingreso al sistema',3,'2020-05-23','16:07:20'),(610,'Ingreso al sistema',3,'2020-05-23','16:08:42'),(611,'Ingreso al sistema',3,'2020-05-23','16:11:07'),(612,'Ingreso al sistema',3,'2020-05-23','16:15:17'),(613,'Ingreso al sistema',3,'2020-05-23','16:20:36'),(614,'Ingreso al sistema',3,'2020-05-23','16:22:09'),(615,'Ingreso al sistema',3,'2020-05-23','16:24:33'),(616,'Ingreso al sistema',3,'2020-05-23','16:27:23'),(617,'Ingreso al sistema',3,'2020-05-23','16:28:28'),(618,'Ingreso al sistema',3,'2020-05-23','21:43:15'),(619,'Ingreso al sistema',3,'2020-05-23','22:06:26'),(620,'Ingreso al sistema',3,'2020-05-23','22:11:55'),(621,'Ingreso al sistema',3,'2020-05-23','22:13:30'),(622,'Ingreso al sistema',3,'2020-05-23','22:17:55'),(623,'Ingreso al sistema',3,'2020-05-23','22:20:14'),(624,'Ingreso al sistema',3,'2020-05-23','22:21:30'),(625,'Ingreso al sistema',3,'2020-05-23','22:22:26'),(626,'Ingreso al sistema',3,'2020-05-23','22:29:03'),(627,'Ingreso al sistema',3,'2020-05-23','22:33:02'),(628,'Ingreso al sistema',3,'2020-05-23','22:33:32'),(629,'Ingreso al sistema',3,'2020-05-23','22:34:17'),(630,'Ingreso al sistema',3,'2020-05-23','22:36:34'),(631,'Ingreso al sistema',3,'2020-05-23','22:39:59'),(632,'Ingreso al sistema',3,'2020-05-23','22:42:18'),(633,'Ingreso al sistema',3,'2020-05-23','22:43:56'),(634,'Ingreso al sistema',3,'2020-05-23','22:46:08'),(635,'Se ha modificado un registro de la tabla tabla Usuarios',3,'2020-05-23','22:46:20'),(636,'Se ha modificado un registro de la tabla tabla Usuarios',3,'2020-05-23','22:47:28'),(637,'Ingreso al sistema',3,'2020-05-23','22:48:11'),(638,'Se ha modificado un registro de la tabla tabla Usuarios',3,'2020-05-23','22:48:22'),(639,'Ingreso al sistema',3,'2020-05-23','22:50:40'),(640,'Se ha modificado un registro de la tabla tabla Usuarios',3,'2020-05-23','22:50:51'),(641,'Ingreso al sistema',3,'2020-05-23','23:04:19'),(642,'Ingreso al sistema',3,'2020-05-23','23:06:22'),(643,'Ingreso al sistema',3,'2020-05-23','23:09:49'),(644,'Ingreso al sistema',3,'2020-05-23','23:12:20'),(645,'Ingreso al sistema',3,'2020-05-23','23:15:05'),(646,'Ingreso al sistema',3,'2020-05-23','23:17:20'),(647,'Se ha modificado un registro de la tabla tabla Usuarios',3,'2020-05-23','23:17:46'),(648,'Ingreso al sistema',3,'2020-05-23','23:20:08'),(649,'Se ha modificado un registro de la tabla tabla Usuarios',3,'2020-05-23','23:20:34'),(650,'Ingreso al sistema',3,'2020-05-23','23:25:52'),(651,'Ingreso al sistema',3,'2020-05-23','23:30:38'),(652,'Ingreso al sistema',3,'2020-05-23','23:37:24'),(653,'Ingreso al sistema',3,'2020-05-23','23:38:40'),(654,'Ingreso al sistema',3,'2020-05-23','23:44:40'),(655,'Ingreso al sistema',3,'2020-05-23','23:45:45'),(656,'Ingreso al sistema',3,'2020-05-24','00:03:01'),(657,'Ingreso al sistema',3,'2020-05-24','01:22:48'),(658,'Ingreso al sistema',3,'2020-05-24','01:29:58'),(659,'Ingreso al sistema',3,'2020-05-24','01:30:20'),(660,'Se ha desactivado un registro de la tabla tabla Usuarios',3,'2020-05-24','01:33:16'),(661,'Se ha reactivado un registro de la tabla tabla Usuarios',3,'2020-05-24','01:33:21'),(662,'Ingreso al sistema',3,'2020-05-24','01:35:44'),(663,'Ingreso al sistema',3,'2020-05-24','01:37:08'),(664,'Ingreso al sistema',3,'2020-05-24','01:37:41'),(665,'Ingreso al sistema',3,'2020-05-24','01:37:55'),(666,'Se ha desactivado un registro de la tabla tabla Usuarios',3,'2020-05-24','01:39:38'),(667,'Se ha reactivado un registro de la tabla tabla Usuarios',3,'2020-05-24','01:39:44'),(668,'Se ha modificado un registro de la tabla tabla Usuarios',3,'2020-05-24','01:40:47'),(669,'Ingreso al sistema',3,'2020-05-24','01:44:27'),(670,'Ingreso al sistema',3,'2020-05-26','21:07:34'),(671,'Ingreso al sistema',3,'2020-05-26','21:12:19'),(672,'Ingreso al sistema',3,'2020-05-26','21:20:53'),(673,'Ingreso al sistema',3,'2020-05-26','21:23:30'),(674,'Ingreso al sistema',3,'2020-05-26','21:30:12'),(675,'Ingreso al sistema',3,'2020-05-26','21:30:26'),(676,'Ingreso al sistema',3,'2020-05-26','21:32:42'),(677,'Ingreso al sistema',3,'2020-05-26','21:32:54'),(678,'Ingreso al sistema',3,'2020-05-26','21:35:49'),(679,'Ingreso al sistema',3,'2020-05-26','21:35:49'),(680,'Ingreso al sistema',3,'2020-05-26','21:36:00'),(681,'Ingreso al sistema',3,'2020-05-26','21:36:12'),(682,'Ingreso al sistema',3,'2020-05-26','21:37:36'),(683,'Ingreso al sistema',3,'2020-05-26','21:39:00'),(684,'Ingreso al sistema',3,'2020-05-26','21:39:17'),(685,'Ingreso al sistema',3,'2020-05-26','21:41:40'),(686,'Ingreso al sistema',3,'2020-05-26','21:43:23'),(687,'Ingreso al sistema',3,'2020-05-26','21:45:01'),(688,'Ingreso al sistema',3,'2020-05-26','21:45:21'),(689,'Ingreso al sistema',3,'2020-05-26','23:00:29'),(690,'Ingreso al sistema',3,'2020-05-27','10:58:32'),(691,'Ingreso al sistema',3,'2020-05-27','10:59:05'),(692,'Ingreso al sistema',3,'2020-05-27','11:00:52'),(693,'Ingreso al sistema',3,'2020-05-27','11:01:06'),(694,'Ingreso al sistema',3,'2020-05-27','11:02:43'),(695,'Ingreso al sistema',3,'2020-05-27','11:02:53'),(696,'Ingreso al sistema',3,'2020-05-27','11:03:07'),(697,'Ingreso al sistema',3,'2020-05-27','11:03:17'),(698,'Ingreso al sistema',3,'2020-05-27','11:03:43'),(699,'Ingreso al sistema',3,'2020-05-27','11:04:54'),(700,'Ingreso al sistema',3,'2020-05-27','11:05:26'),(701,'Ingreso al sistema',3,'2020-05-27','11:07:46'),(702,'Ingreso al sistema',3,'2020-05-27','11:08:41'),(703,'Ingreso al sistema',3,'2020-05-27','11:22:44'),(704,'Ingreso al sistema',3,'2020-05-27','11:22:56'),(705,'Ingreso al sistema',3,'2020-05-27','11:24:38'),(706,'Ingreso al sistema',3,'2020-05-27','11:27:38'),(707,'Ingreso al sistema',3,'2020-05-27','11:29:58'),(708,'Ingreso al sistema',3,'2020-05-27','11:31:06'),(709,'Ingreso al sistema',3,'2020-05-27','11:32:36'),(710,'Ingreso al sistema',3,'2020-05-27','11:33:46'),(711,'Ingreso al sistema',3,'2020-05-27','11:35:05'),(712,'Ingreso al sistema',3,'2020-05-27','11:35:56'),(713,'Ingreso al sistema',3,'2020-05-27','11:36:24'),(714,'Ingreso al sistema',3,'2020-05-27','11:36:48'),(715,'Ingreso al sistema',3,'2020-05-27','11:37:35'),(716,'Ingreso al sistema',3,'2020-05-27','11:38:40'),(717,'Ingreso al sistema',3,'2020-05-27','11:39:42'),(718,'Ingreso al sistema',3,'2020-05-27','11:43:35'),(719,'Ingreso al sistema',3,'2020-05-27','11:45:07'),(720,'Ingreso al sistema',3,'2020-05-27','12:37:10'),(721,'Ingreso al sistema',3,'2020-05-27','12:40:08'),(722,'Ingreso al sistema',3,'2020-05-27','12:40:39'),(723,'Ingreso al sistema',3,'2020-05-27','12:41:24'),(724,'Ingreso al sistema',3,'2020-05-27','12:42:29'),(725,'Ingreso al sistema',3,'2020-05-27','12:43:18'),(726,'Ingreso al sistema',3,'2020-05-27','12:43:58'),(727,'Ingreso al sistema',3,'2020-05-27','12:44:34'),(728,'Ingreso al sistema',3,'2020-05-27','12:51:04'),(729,'Ingreso al sistema',3,'2020-05-27','12:52:00'),(730,'Ingreso al sistema',3,'2020-05-27','12:52:46'),(731,'Ingreso al sistema',3,'2020-05-27','12:54:19'),(732,'Ingreso al sistema',3,'2020-05-27','12:55:23'),(733,'Ingreso al sistema',3,'2020-05-27','12:56:22'),(734,'Ingreso al sistema',3,'2020-05-27','12:56:55'),(735,'Ingreso al sistema',3,'2020-05-27','12:57:48'),(736,'Ingreso al sistema',3,'2020-05-27','13:01:17'),(737,'Ingreso al sistema',3,'2020-05-27','13:02:27'),(738,'Ingreso al sistema',3,'2020-05-27','13:03:32'),(739,'Ingreso al sistema',3,'2020-05-27','13:03:56'),(740,'Ingreso al sistema',3,'2020-05-27','13:04:33'),(741,'Ingreso al sistema',3,'2020-05-27','13:05:00'),(742,'Ingreso al sistema',3,'2020-05-27','13:11:18'),(743,'Ingreso al sistema',3,'2020-05-27','13:13:54'),(744,'Ingreso al sistema',3,'2020-05-27','13:14:48'),(745,'Ingreso al sistema',3,'2020-05-27','13:15:32'),(746,'Ingreso al sistema',3,'2020-05-27','13:16:02'),(747,'Ingreso al sistema',3,'2020-05-27','13:17:23'),(748,'Ingreso al sistema',3,'2020-05-27','13:19:08'),(749,'Ingreso al sistema',3,'2020-05-27','13:20:14'),(750,'Ingreso al sistema',3,'2020-05-27','13:21:24'),(751,'Ingreso al sistema',3,'2020-05-27','13:22:10'),(752,'Ingreso al sistema',3,'2020-05-27','13:23:19'),(753,'Ingreso al sistema',3,'2020-05-27','13:24:46'),(754,'Ingreso al sistema',3,'2020-05-27','13:27:55'),(755,'Ingreso al sistema',3,'2020-05-27','13:29:29'),(756,'Ingreso al sistema',3,'2020-05-27','14:21:03'),(757,'Ingreso al sistema',3,'2020-05-27','14:23:04'),(758,'Ingreso al sistema',3,'2020-05-27','14:24:32'),(759,'Ingreso al sistema',3,'2020-05-27','14:26:00'),(760,'Ingreso al sistema',3,'2020-05-27','14:30:17'),(761,'Ingreso al sistema',3,'2020-05-27','14:34:59'),(762,'Ingreso al sistema',3,'2020-05-27','15:21:58'),(763,'Ingreso al sistema',3,'2020-05-27','15:22:51'),(764,'Ingreso al sistema',3,'2020-05-27','15:23:51'),(765,'Ingreso al sistema',3,'2020-05-27','15:37:13'),(766,'Ingreso al sistema',3,'2020-05-27','15:40:49'),(767,'Ingreso al sistema',3,'2020-05-27','15:41:31'),(768,'Ingreso al sistema',3,'2020-05-27','15:42:46'),(769,'Ingreso al sistema',3,'2020-05-27','15:44:03'),(770,'Ingreso al sistema',3,'2020-05-27','15:46:12'),(771,'Ingreso al sistema',3,'2020-05-27','15:49:15'),(772,'Ingreso al sistema',3,'2020-05-27','15:49:57'),(773,'Ingreso al sistema',3,'2020-05-27','15:52:16'),(774,'Ingreso al sistema',3,'2020-05-27','15:59:14'),(775,'Ingreso al sistema',3,'2020-05-27','16:02:22'),(776,'Ingreso al sistema',3,'2020-05-27','16:03:57'),(777,'Ingreso al sistema',3,'2020-05-27','16:06:59'),(778,'Ingreso al sistema',3,'2020-05-27','16:09:18'),(779,'Ingreso al sistema',3,'2020-05-27','16:12:12'),(780,'Ingreso al sistema',3,'2020-05-27','16:13:17'),(781,'Ingreso al sistema',3,'2020-05-27','16:16:52'),(782,'Ingreso al sistema',3,'2020-05-27','16:17:20'),(783,'Ingreso al sistema',3,'2020-05-27','16:18:51'),(784,'Ingreso al sistema',3,'2020-05-27','16:36:17'),(785,'Ingreso al sistema',3,'2020-05-27','16:37:45'),(786,'Ingreso al sistema',3,'2020-05-27','16:39:48'),(787,'Ingreso al sistema',3,'2020-05-27','16:40:39'),(788,'Ingreso al sistema',3,'2020-05-27','16:43:25'),(789,'Ingreso al sistema',3,'2020-05-27','16:43:26'),(790,'Ingreso al sistema',3,'2020-05-27','16:44:23'),(791,'Ingreso al sistema',3,'2020-05-27','16:48:34'),(792,'Ingreso al sistema',3,'2020-05-27','16:50:09'),(793,'Ingreso al sistema',3,'2020-05-27','16:50:26'),(794,'Ingreso al sistema',3,'2020-05-27','16:50:49'),(795,'Ingreso al sistema',3,'2020-05-27','16:52:06'),(796,'Ingreso al sistema',3,'2020-05-27','16:53:39'),(797,'Ingreso al sistema',3,'2020-05-27','16:54:21'),(798,'Ingreso al sistema',3,'2020-05-27','16:55:39'),(799,'Ingreso al sistema',3,'2020-05-27','16:56:46'),(800,'Ingreso al sistema',3,'2020-05-27','16:57:59'),(801,'Ingreso al sistema',3,'2020-05-27','16:59:29'),(802,'Ingreso al sistema',3,'2020-05-27','17:00:41'),(803,'Ingreso al sistema',3,'2020-05-27','17:01:19'),(804,'Ingreso al sistema',3,'2020-05-27','17:01:51'),(805,'Ingreso al sistema',3,'2020-05-27','17:02:20'),(806,'Ingreso al sistema',3,'2020-05-27','17:02:54'),(807,'Ingreso al sistema',3,'2020-05-27','17:03:13'),(808,'Ingreso al sistema',3,'2020-05-27','17:03:31'),(809,'Ingreso al sistema',3,'2020-05-27','17:03:59'),(810,'Ingreso al sistema',3,'2020-05-27','17:06:10'),(811,'Ingreso al sistema',3,'2020-05-27','17:08:16'),(812,'Ingreso al sistema',3,'2020-05-27','17:08:59'),(813,'Ingreso al sistema',3,'2020-05-27','17:11:56'),(814,'Ingreso al sistema',3,'2020-05-27','17:12:55'),(815,'Ingreso al sistema',3,'2020-05-27','17:13:19'),(816,'Ingreso al sistema',3,'2020-05-27','17:14:56'),(817,'Ingreso al sistema',3,'2020-05-27','17:15:31'),(818,'Ingreso al sistema',3,'2020-05-27','17:17:23'),(819,'Ingreso al sistema',3,'2020-05-27','17:17:44'),(820,'Ingreso al sistema',3,'2020-05-27','17:18:13'),(821,'Ingreso al sistema',3,'2020-05-27','17:21:07'),(822,'Ingreso al sistema',3,'2020-05-27','17:22:39'),(823,'Ingreso al sistema',3,'2020-05-27','17:23:04'),(824,'Ingreso al sistema',3,'2020-05-27','17:30:00'),(825,'Ingreso al sistema',3,'2020-05-27','17:30:26'),(826,'Ingreso al sistema',3,'2020-05-27','17:31:05'),(827,'Ingreso al sistema',3,'2020-05-27','17:32:56'),(828,'Ingreso al sistema',3,'2020-05-27','17:37:32'),(829,'Ingreso al sistema',3,'2020-05-27','17:38:26'),(830,'Ingreso al sistema',3,'2020-05-27','17:38:46'),(831,'Ingreso al sistema',3,'2020-05-27','17:45:25'),(832,'Ingreso al sistema',3,'2020-05-27','17:46:52'),(833,'Ingreso al sistema',3,'2020-05-27','17:48:04'),(834,'Ingreso al sistema',3,'2020-05-27','17:49:15'),(835,'Ingreso al sistema',3,'2020-05-27','17:51:30'),(836,'Ingreso al sistema',3,'2020-05-27','17:52:39'),(837,'Ingreso al sistema',3,'2020-05-27','17:53:09'),(838,'Ingreso al sistema',3,'2020-05-27','17:54:01'),(839,'Ingreso al sistema',3,'2020-05-27','17:54:35'),(840,'Ingreso al sistema',3,'2020-05-27','17:59:23'),(841,'Ingreso al sistema',3,'2020-05-27','18:00:33'),(842,'Ingreso al sistema',3,'2020-05-27','18:02:04'),(843,'Ingreso al sistema',3,'2020-05-27','18:02:53'),(844,'Ingreso al sistema',3,'2020-05-27','18:15:00'),(845,'Ingreso al sistema',3,'2020-05-27','18:47:38'),(846,'Ingreso al sistema',3,'2020-05-27','18:48:35'),(847,'Ingreso al sistema',3,'2020-05-27','18:50:22'),(848,'Ingreso al sistema',3,'2020-05-27','18:53:53'),(849,'Ingreso al sistema',3,'2020-05-27','18:54:35'),(850,'Ingreso al sistema',3,'2020-05-27','18:56:22'),(851,'Ingreso al sistema',3,'2020-05-27','18:56:22'),(852,'Ingreso al sistema',3,'2020-05-27','18:59:51'),(853,'Ingreso al sistema',3,'2020-05-27','19:02:02'),(854,'Ingreso al sistema',3,'2020-05-27','19:03:32'),(855,'Ingreso al sistema',3,'2020-05-27','19:04:41'),(856,'Ingreso al sistema',3,'2020-05-27','19:07:36'),(857,'Ingreso al sistema',3,'2020-05-27','19:09:01'),(858,'Ingreso al sistema',3,'2020-05-27','19:11:40'),(859,'Ingreso al sistema',3,'2020-05-27','19:12:42'),(860,'Ingreso al sistema',3,'2020-05-27','19:14:25'),(861,'Ingreso al sistema',3,'2020-05-27','19:17:39'),(862,'Ingreso al sistema',3,'2020-05-27','19:18:33'),(863,'Ingreso al sistema',3,'2020-05-27','19:19:26'),(864,'Ingreso al sistema',3,'2020-05-27','19:19:48'),(865,'Ingreso al sistema',3,'2020-05-27','19:22:44'),(866,'Ingreso al sistema',3,'2020-05-27','19:23:54'),(867,'Ingreso al sistema',3,'2020-05-27','19:24:17'),(868,'Ingreso al sistema',3,'2020-05-27','19:25:30'),(869,'Ingreso al sistema',3,'2020-05-27','19:26:19'),(870,'Ingreso al sistema',3,'2020-05-27','19:29:38'),(871,'Ingreso al sistema',3,'2020-05-27','19:29:57'),(872,'Ingreso al sistema',3,'2020-05-27','19:30:41'),(873,'Ingreso al sistema',3,'2020-05-27','20:00:24'),(874,'Ingreso al sistema',3,'2020-05-27','20:02:46'),(875,'Ingreso al sistema',3,'2020-05-27','20:05:04'),(876,'Ingreso al sistema',3,'2020-05-27','20:08:21'),(877,'Ingreso al sistema',3,'2020-05-27','20:26:22'),(878,'Ingreso al sistema',3,'2020-05-27','20:29:45'),(879,'Ingreso al sistema',3,'2020-05-27','20:30:39'),(880,'Ingreso al sistema',3,'2020-05-27','20:32:28'),(881,'Ingreso al sistema',3,'2020-05-27','20:37:53'),(882,'Ingreso al sistema',3,'2020-05-27','20:43:33'),(883,'Ingreso al sistema',3,'2020-05-27','20:46:54'),(884,'Ingreso al sistema',3,'2020-05-27','20:48:44'),(885,'Ingreso al sistema',3,'2020-05-27','21:21:49'),(886,'Ingreso al sistema',3,'2020-05-27','21:37:15'),(887,'Ingreso al sistema',3,'2020-05-27','21:42:11'),(888,'Ingreso al sistema',3,'2020-05-27','21:42:42'),(889,'Ingreso al sistema',3,'2020-05-27','21:49:45'),(890,'Ingreso al sistema',3,'2020-05-27','21:50:46'),(891,'Ingreso al sistema',3,'2020-05-27','21:51:20'),(892,'Ingreso al sistema',3,'2020-05-27','21:52:25'),(893,'Ingreso al sistema',3,'2020-05-27','21:52:48'),(894,'Ingreso al sistema',3,'2020-05-27','22:05:03'),(895,'Ingreso al sistema',3,'2020-05-27','22:06:20'),(896,'Ingreso al sistema',3,'2020-05-27','22:08:47'),(897,'Ingreso al sistema',3,'2020-05-28','16:05:37'),(898,'Ingreso al sistema',3,'2020-05-28','16:15:53'),(899,'Ingreso al sistema',3,'2020-05-28','16:27:47'),(900,'Ingreso al sistema',3,'2020-05-28','16:36:57'),(901,'Ingreso al sistema',3,'2020-05-28','16:37:54'),(902,'Ingreso al sistema',3,'2020-05-28','16:38:24'),(903,'Ingreso al sistema',3,'2020-05-28','16:46:08'),(904,'Ingreso al sistema',3,'2020-05-28','16:46:58'),(905,'Ingreso al sistema',3,'2020-05-28','16:48:09'),(906,'Ingreso al sistema',3,'2020-05-28','16:50:24'),(907,'Ingreso al sistema',3,'2020-05-28','16:51:10'),(908,'Ingreso al sistema',3,'2020-05-28','16:54:44'),(909,'Ingreso al sistema',3,'2020-05-28','16:55:27'),(910,'Ingreso al sistema',3,'2020-05-28','16:57:00'),(911,'Ingreso al sistema',3,'2020-05-28','16:58:10'),(912,'Ingreso al sistema',3,'2020-05-28','16:58:56'),(913,'Ingreso al sistema',3,'2020-05-28','16:59:49'),(914,'Ingreso al sistema',3,'2020-05-28','17:01:31'),(915,'Ingreso al sistema',3,'2020-05-29','17:33:15'),(916,'Ingreso al sistema',3,'2020-05-29','17:34:37'),(917,'Ingreso al sistema',3,'2020-05-29','17:39:43'),(918,'Se ha desactivado un registro de la tabla Estado Civil',3,'2020-05-29','20:11:57'),(919,'Se ha reactivado un registro de la tabla Estado Civil',3,'2020-05-29','20:12:01'),(920,'Se ha desactivado un registro de la tabla Estado Civil',3,'2020-05-29','20:12:05'),(921,'Ingreso al sistema',3,'2020-05-29','20:16:51'),(922,'Se insertado un nuevo registro a la tabla Estado Civil',3,'2020-05-29','20:17:28'),(923,'Se insertado un nuevo registro a la tabla Estado Civil',3,'2020-05-29','20:17:47'),(924,'Ingreso al sistema',3,'2020-05-29','20:18:19'),(925,'Ingreso al sistema',3,'2020-05-29','20:18:58'),(926,'Se insertado un nuevo registro a la tabla Estado Civil',3,'2020-05-29','20:19:31'),(927,'Ingreso al sistema',3,'2020-05-29','20:20:08'),(928,'Se insertado un nuevo registro a la tabla Estado Civil',3,'2020-05-29','20:35:18'),(929,'Ingreso al sistema',3,'2020-05-29','20:51:27'),(930,'Se insertado un nuevo registro a la tabla Estado Civil',3,'2020-05-29','20:51:55'),(931,'Ingreso al sistema',3,'2020-05-29','21:01:40'),(932,'Se ha modificado un registro de la tabla Estado Civil',3,'2020-05-29','21:01:57'),(933,'Ingreso al sistema',3,'2020-05-29','21:02:53'),(934,'Se ha modificado un registro de la tabla Estado Civil',3,'2020-05-29','21:03:07'),(935,'Se ha modificado un registro de la tabla Estado Civil',3,'2020-05-29','21:03:52'),(936,'Ingreso al sistema',3,'2020-05-29','21:05:17'),(937,'Se ha modificado un registro de la tabla Estado Civil',3,'2020-05-29','21:05:38'),(938,'Ingreso al sistema',3,'2020-05-30','04:31:37'),(939,'Se insertado un nuevo registro a la tabla Estado Civil',3,'2020-05-30','04:37:59'),(940,'Se ha desactivado un registro de la tabla Estado Civil',3,'2020-05-30','04:38:47'),(941,'Se ha reactivado un registro de la tabla Estado Civil',3,'2020-05-30','04:39:01'),(942,'Ingreso al sistema',3,'2020-05-30','04:39:34'),(943,'Ingreso al sistema',3,'2020-05-30','04:40:24'),(944,'Ingreso al sistema',3,'2020-05-30','04:41:33'),(945,'Se ha desactivado un registro de la tabla Estado Civil',3,'2020-05-30','04:42:11'),(946,'Se ha reactivado un registro de la tabla Estado Civil',3,'2020-05-30','04:42:11'),(947,'Ingreso al sistema',3,'2020-05-30','04:42:15'),(948,'Ingreso al sistema',3,'2020-05-30','04:43:50'),(949,'Se insertado un nuevo registro a la tabla Estado Civil',3,'2020-05-30','04:46:55'),(950,'Se ha desactivado un registro de la tabla Estado Civil',3,'2020-05-30','04:47:23'),(951,'Se ha reactivado un registro de la tabla Estado Civil',3,'2020-05-30','04:47:40'),(952,'Ingreso al sistema',3,'2020-05-30','04:50:02'),(953,'Ingreso al sistema',3,'2020-05-30','04:52:28'),(954,'Ingreso al sistema',3,'2020-05-30','04:54:08'),(955,'Ingreso al sistema',3,'2020-05-30','04:55:12'),(956,'Se ha modificado un registro de la tabla Estado Civil',3,'2020-05-30','04:57:17'),(957,'Ingreso al sistema',3,'2020-05-30','04:59:10'),(958,'Se insertado un nuevo registro a la tabla Estado Civil',3,'2020-05-30','05:01:53'),(959,'Se ha desactivado un registro de la tabla Estado Civil',3,'2020-05-30','05:02:31'),(960,'Se ha reactivado un registro de la tabla Estado Civil',3,'2020-05-30','05:02:51'),(961,'Se ha modificado un registro de la tabla Estado Civil',3,'2020-05-30','05:04:50'),(962,'Ingreso al sistema',3,'2020-05-30','13:42:33'),(963,'Se insertado un nuevo registro a la tabla Crear Temas',3,'2020-05-30','13:44:00'),(964,'Ingreso al sistema',3,'2020-05-30','13:46:54'),(965,'Ingreso al sistema',3,'2020-05-30','13:49:24'),(966,'Ingreso al sistema',3,'2020-05-30','13:52:59'),(967,'Ingreso al sistema',3,'2020-05-30','13:53:51'),(968,'Ingreso al sistema',3,'2020-05-30','14:12:37'),(969,'Ingreso al sistema',3,'2020-05-30','17:46:34'),(970,'Ingreso al sistema',3,'2020-05-30','17:49:40'),(971,'Se ha desactivado un registro de la tabla tabla Datos Personales',3,'2020-05-30','17:50:53'),(972,'Ingreso al sistema',3,'2020-05-30','17:51:49'),(973,'Ingreso al sistema',3,'2020-05-30','17:53:28'),(974,'Ingreso al sistema',3,'2020-05-30','17:54:10'),(975,'Ingreso al sistema',3,'2020-05-30','17:55:04'),(976,'Ingreso al sistema',3,'2020-05-30','18:36:04'),(977,'Ingreso al sistema',3,'2020-05-30','18:37:35'),(978,'Ingreso al sistema',3,'2020-05-30','18:37:47'),(979,'Ingreso al sistema',3,'2020-05-30','18:56:34'),(980,'Ingreso al sistema',3,'2020-05-30','18:59:29'),(981,'Ingreso al sistema',3,'2020-05-30','19:04:50'),(982,'Ingreso al sistema',3,'2020-05-30','19:07:40'),(983,'Ingreso al sistema',3,'2020-05-30','19:08:16'),(984,'Ingreso al sistema',3,'2020-05-30','19:11:20'),(985,'Ingreso al sistema',3,'2020-05-30','19:12:29'),(986,'Ingreso al sistema',3,'2020-05-30','19:13:27'),(987,'Ingreso al sistema',3,'2020-05-30','19:14:02'),(988,'Ingreso al sistema',3,'2020-05-30','19:14:46'),(989,'Ingreso al sistema',3,'2020-05-30','19:22:47'),(990,'Ingreso al sistema',3,'2020-05-30','19:24:05'),(991,'Ingreso al sistema',3,'2020-05-30','19:24:30'),(992,'Ingreso al sistema',3,'2020-05-30','19:25:35'),(993,'Ingreso al sistema',3,'2020-05-30','23:29:48'),(994,'Ingreso al sistema',3,'2020-05-30','23:31:45'),(995,'Ingreso al sistema',3,'2020-05-30','23:32:56'),(996,'Ingreso al sistema',3,'2020-05-30','23:33:41'),(997,'Ingreso al sistema',3,'2020-05-30','23:48:32'),(998,'Ingreso al sistema',3,'2020-05-30','23:49:15'),(999,'Ingreso al sistema',3,'2020-05-30','23:49:47'),(1000,'Ingreso al sistema',3,'2020-05-30','23:53:09'),(1001,'Ingreso al sistema',3,'2020-05-30','23:55:49'),(1002,'Ingreso al sistema',3,'2020-05-31','00:15:22'),(1003,'Ingreso al sistema',3,'2020-05-31','00:16:17'),(1004,'Ingreso al sistema',3,'2020-05-31','00:20:09'),(1005,'Ingreso al sistema',3,'2020-05-31','00:22:09'),(1006,'Ingreso al sistema',3,'2020-05-31','15:04:54'),(1007,'Ingreso al sistema',3,'2020-05-31','16:05:27'),(1008,'Ingreso al sistema',3,'2020-05-31','16:08:28'),(1009,'Ingreso al sistema',3,'2020-05-31','16:10:27'),(1010,'Ingreso al sistema',3,'2020-05-31','16:13:46'),(1011,'Ingreso al sistema',3,'2020-05-31','17:11:22'),(1012,'Ingreso al sistema',3,'2020-05-31','17:16:10'),(1013,'Ingreso al sistema',3,'2020-05-31','17:19:25'),(1014,'Ingreso al sistema',3,'2020-05-31','17:20:26'),(1015,'Ingreso al sistema',3,'2020-05-31','17:24:10'),(1016,'Ingreso al sistema',3,'2020-05-31','17:31:55'),(1017,'Ingreso al sistema',3,'2020-05-31','17:32:13'),(1018,'Ingreso al sistema',3,'2020-05-31','17:32:33'),(1019,'Ingreso al sistema',3,'2020-05-31','18:35:56'),(1020,'Ingreso al sistema',3,'2020-05-31','18:58:23'),(1021,'Ingreso al sistema',3,'2020-05-31','18:58:55'),(1022,'Ingreso al sistema',3,'2020-05-31','19:00:19'),(1023,'Ingreso al sistema',3,'2020-05-31','19:04:25'),(1024,'Ingreso al sistema',3,'2020-05-31','19:28:37'),(1025,'Ingreso al sistema',3,'2020-05-31','20:07:04'),(1026,'Ingreso al sistema',3,'2020-05-31','20:08:42'),(1027,'Ingreso al sistema',3,'2020-05-31','20:09:49'),(1028,'Ingreso al sistema',3,'2020-05-31','20:10:10'),(1029,'Ingreso al sistema',3,'2020-05-31','20:11:21'),(1030,'Ingreso al sistema',3,'2020-05-31','20:11:50'),(1031,'Ingreso al sistema',3,'2020-05-31','20:13:58'),(1032,'Ingreso al sistema',3,'2020-05-31','20:16:05'),(1033,'Ingreso al sistema',3,'2020-05-31','20:16:31'),(1034,'Ingreso al sistema',3,'2020-05-31','20:17:03'),(1035,'Ingreso al sistema',3,'2020-05-31','20:18:59'),(1036,'Ingreso al sistema',3,'2020-05-31','23:54:51'),(1037,'Ingreso al sistema',3,'2020-05-31','23:56:59'),(1038,'Ingreso al sistema',3,'2020-06-01','02:22:22'),(1039,'Ingreso al sistema',3,'2020-06-01','02:25:34'),(1040,'Ingreso al sistema',3,'2020-06-01','02:28:57'),(1041,'Ingreso al sistema',3,'2020-06-01','02:31:28'),(1042,'Ingreso al sistema',3,'2020-06-01','02:31:50'),(1043,'Ingreso al sistema',3,'2020-06-01','02:34:28'),(1044,'Ingreso al sistema',3,'2020-06-01','02:47:42'),(1045,'Ingreso al sistema',3,'2020-06-01','02:50:57'),(1046,'Ingreso al sistema',3,'2020-06-01','03:07:47'),(1047,'Ingreso al sistema',3,'2020-06-01','03:09:12'),(1048,'Ingreso al sistema',3,'2020-06-01','03:10:30'),(1049,'Ingreso al sistema',3,'2020-06-01','15:27:07'),(1050,'Ingreso al sistema',3,'2020-06-01','15:51:43'),(1051,'Ingreso al sistema',3,'2020-06-01','18:04:56'),(1052,'Ingreso al sistema',3,'2020-06-01','18:47:34'),(1053,'Ingreso al sistema',3,'2020-06-01','18:49:17'),(1054,'Ingreso al sistema',3,'2020-06-01','18:51:21'),(1055,'Ingreso al sistema',3,'2020-06-01','19:00:53'),(1056,'Ingreso al sistema',3,'2020-06-01','20:53:58'),(1057,'Ingreso al sistema',3,'2020-06-01','20:55:24'),(1058,'Se ha creado un horario para la persona Julian Garza Quintanilla',3,'2020-06-01','20:59:29');
/*!40000 ALTER TABLE `log` ENABLE KEYS */;
UNLOCK TABLES;

--
-- Table structure for table `temas`
--

DROP TABLE IF EXISTS `temas`;
/*!40101 SET @saved_cs_client     = @@character_set_client */;
/*!40101 SET character_set_client = utf8 */;
CREATE TABLE `temas` (
  `id_tema` int(11) NOT NULL AUTO_INCREMENT,
  `nombre_tema` text DEFAULT NULL,
  `color_letra` text DEFAULT NULL,
  `color_base` text DEFAULT NULL,
  `color_base_fuerte` text DEFAULT NULL,
  `color_borde` text DEFAULT NULL,
  `fecha_registro` date DEFAULT NULL,
  `hora_registro` time DEFAULT NULL,
  `activo` int(11) DEFAULT NULL,
  PRIMARY KEY (`id_tema`)
) ENGINE=MyISAM AUTO_INCREMENT=35 DEFAULT CHARSET=utf8;
/*!40101 SET character_set_client = @saved_cs_client */;

--
-- Dumping data for table `temas`
--

LOCK TABLES `temas` WRITE;
/*!40000 ALTER TABLE `temas` DISABLE KEYS */;
INSERT INTO `temas` VALUES (1,'Obscuro Clasico','#fff','#34495e','#2c3e50','#c23616','2020-03-26','07:18:58',1),(2,'ITLinares','#fff','#3498db','#2980b9','#d35400','2020-03-26','19:51:03',1),(3,'UTLinares','#fff','#2ecc71','#27ae60','#7f8c8d','2020-03-26','19:52:10',1),(4,'ITLinares Alternativo','#fff','#e67e22','#d35400','#3498db','2020-03-26','19:57:51',1),(5,'Hospital Linares','#fff','#9b59b6','#3A293C','#C1D101','2020-03-26','20:00:39',1),(6,'Warning Bootstrap','#000','#FFC107','#6C757D','#343A40','2020-03-27','12:12:05',1),(7,'Azul Britanico','#fff','#273c75','#192a56','#44bd32','2020-03-28','08:20:37',1),(8,'German Team','#fff','#f7b731','#2C3A47','#ff4757','2020-03-30','17:57:15',1),(9,'CHyP','$fff','#ff9ff3','#f368e0','#222f3e','2020-03-31','13:15:51',1),(10,'Chopes','#d2dae2','#4b4b4b','#3d3d3d','#ff3838','2020-04-02','00:50:33',1),(11,'Adolfo','#E3E2DE','#9B1750','#5D001D','#9B1750','2020-04-03','17:14:10',1),(12,'Snarky','#fff','#576574','#739fd1','#95a5a6','2020-03-31','16:48:40',1),(13,'Cool','#ffeaa7','#6D214F','#5758BB','#2f3542','2020-03-31','16:50:31',1),(14,'Night','#fff','#2d3436','#34495e','#95a5a6','2020-03-31','17:37:30',1),(15,'Oscuro','#ffffff','#050505','#050505','#40F70E','2021-06-16','17:45:52',1),(22,'Valgame','#fff','#0c2461','#eb2f06','#f6b93b','2020-05-08','19:29:36',1),(17,'Dark Green','#F2F2F2','#19261B','#2B402C','#070D0A','2020-03-01','17:54:55',1),(18,'Grey and Blue','#fff','#224277','#3C4C59','#65768C','2020-04-24','10:08:56',1),(34,'Chupes','#ffffff','#000000','#000000','#ff0000','2020-05-30','13:43:59',1),(31,'jalisco','#ffffff','#f82f2f','#e82626','#000000','2020-05-08','19:41:10',1);
/*!40000 ALTER TABLE `temas` ENABLE KEYS */;
UNLOCK TABLES;

--
-- Table structure for table `usuarios`
--

DROP TABLE IF EXISTS `usuarios`;
/*!40101 SET @saved_cs_client     = @@character_set_client */;
/*!40101 SET character_set_client = utf8 */;
CREATE TABLE `usuarios` (
  `id_usuario` int(11) NOT NULL AUTO_INCREMENT,
  `id_dato` int(11) DEFAULT NULL,
  `id_tema` int(11) DEFAULT NULL,
  `nombre_usuario` text DEFAULT NULL,
  `contra` text DEFAULT NULL,
  `permiso_datos_persona` text DEFAULT NULL,
  `permiso_ecivil` text DEFAULT NULL,
  `permiso_usuario` text DEFAULT NULL,
  `permiso_temas` text DEFAULT NULL,
  `fecha_caducidad` date DEFAULT NULL,
  `fecha_registro` date DEFAULT NULL,
  `activo` int(11) DEFAULT NULL,
  PRIMARY KEY (`id_usuario`)
) ENGINE=MyISAM AUTO_INCREMENT=13 DEFAULT CHARSET=utf8;
/*!40101 SET character_set_client = @saved_cs_client */;

--
-- Dumping data for table `usuarios`
--

LOCK TABLES `usuarios` WRITE;
/*!40000 ALTER TABLE `usuarios` DISABLE KEYS */;
INSERT INTO `usuarios` VALUES (1,1,7,'doe','doe','si','si','si','si','2021-03-26','2020-03-27',1),(2,44,2,'paperez','12345','no','no','no','no','2021-03-29','2020-03-29',1),(3,48,10,'chope','chope123','si','si','si','si','2021-04-02','2020-04-02',1),(11,49,31,'chopess','12345678','no','no','si','si','2021-05-24','2020-05-24',1);
/*!40000 ALTER TABLE `usuarios` ENABLE KEYS */;
UNLOCK TABLES;

--
-- Dumping routines for database 'beta'
--
/*!40103 SET TIME_ZONE=@OLD_TIME_ZONE */;

/*!40101 SET SQL_MODE=@OLD_SQL_MODE */;
/*!40014 SET FOREIGN_KEY_CHECKS=@OLD_FOREIGN_KEY_CHECKS */;
/*!40014 SET UNIQUE_CHECKS=@OLD_UNIQUE_CHECKS */;
/*!40101 SET CHARACTER_SET_CLIENT=@OLD_CHARACTER_SET_CLIENT */;
/*!40101 SET CHARACTER_SET_RESULTS=@OLD_CHARACTER_SET_RESULTS */;
/*!40101 SET COLLATION_CONNECTION=@OLD_COLLATION_CONNECTION */;
/*!40111 SET SQL_NOTES=@OLD_SQL_NOTES */;

-- Dump completed on 2020-06-01 21:50:08
